K,tenkan,kijun,senkou_b,shift,atr_mult,eq_ret,trades,sharpe,cagr,mdd,score
fixed,24,120,192,14,14.600000000000001,2.5984945849548184,115,2.5872633039992783,0.46265117925319155,0.04344861063265129,1.678118752985729
fixed,27,135,189,20,14.3,2.6277454561189866,116,2.5805456232542228,0.4661716991692437,0.21856731625478232,1.622608688826872
