{
  "tenkan": {
    "min": -57.1173512154233,
    "max": 42.8826487845767
  },
  "kijun": {
    "min": -198.27829002514667,
    "max": 381.7217099748533
  },
  "atr_mult": {
    "min": -27.399580888516347,
    "max": 48.60041911148365
  },
  "meta": {
    "k": "K3",
    "mdd_max": 0.5,
    "eq_ret_threshold_pct": 500.0,
    "scale": 4.0
  }
}