tree
version=v4
num_class=1
num_tree_per_iteration=1
label_index=0
max_feature_idx=23
objective=binary sigmoid:1
feature_names=har_rv_predicted egarch_sigma_predicted vpin composite_signal_score comp_top_ls comp_taker comp_liq comp_oi days_since_halving har_regime_low har_regime_mid har_regime_high phase_K3_0 phase_K3_1 phase_K3_2 hour_sin hour_cos dow_0 dow_1 dow_2 dow_3 dow_4 dow_5 dow_6
feature_infos=none none [0.5:0.5] none none none none none [-214.66666666666666:281.70833333333331] none [1:1] none [1:1] none none [-1:1] [-1:1] [0:1] [0:1] [0:1] [0:1] [0:1] [0:1] [0:1]
tree_sizes=6079 6403 6382 6319 6485 6335 6315 6312 6316 6375 6465 6326 6485 6292 6400 6362 6410 6426 6312 6412

Tree=0
num_leaves=57
num_cat=0
split_feature=22 23 16 15 15 8 15 8 8 8 8 8 8 8 8 8 8 8 8 8 8 8 15 8 8 8 16 8 8 8 16 8 8 8 8 16 8 8 8 15 15 15 8 15 16 15 16 8 15 16 8 16 8 8 16 15
split_gain=221.527 120.016 39.9274 28.9709 25.0456 24.669 30.3618 9.95293 31.8572 9.20907 17.5842 14.8691 18.6667 15.277 13.8041 9.40631 8.63947 8.58214 19.7967 34.0744 16.844 8.38292 8.40652 7.71198 7.22446 16.543 9.71334 9.03981 6.66213 7.97142 7.1273 6.80543 6.56283 6.47616 8.25884 8.42236 6.38223 8.09991 8.13312 6.1533 6.13848 6.02044 6.15767 5.60751 5.52912 5.42463 5.36884 5.3268 4.96427 4.94353 4.88002 4.16166 5.69257 10.1508 4.06984 4.06227
threshold=1.0000000180025095e-35 1.0000000180025095e-35 0.1294095225512602 0.37940952255126054 0.12940952255126045 1.0000000180025095e-35 0.25881904510252091 1.9791666666666667 72.479166666666671 -180.68749999999997 -19.604166666666661 197.39583333333334 141.02083333333334 78.354166666666671 247.22916666666671 43.104166666666679 123.39583333333336 -90.104166666666643 76.395833333333357 27.437500000000004 -68.562499999999986 -182.68749999999997 -0.60355339059327362 60.729166666666679 72.479166666666671 1.9791666666666667 0.37940952255126048 154.72916666666671 203.14583333333334 249.14583333333334 0.91597561503675351 183.97916666666671 103.81250000000001 133.18750000000003 203.14583333333334 -0.60355339059327384 25.479166666666668 52.895833333333336 60.729166666666679 0.78656609248549325 -0.5 0.91597561503675362 94.020833333333357 -0.98296291314453399 1.0000000180025095e-35 0.60355339059327384 -0.12940952255126037 268.31250000000006 0.60355339059327384 0.37940952255126048 -200.68749999999997 -0.37940952255126015 -52.895833333333321 -105.77083333333333 0.60355339059327384 0.91597561503675362
decision_type=2 2 2 2 2 2 2 2 2 2 2 2 2 2 2 2 2 2 2 2 2 2 2 2 2 2 2 2 2 2 2 2 2 2 2 2 2 2 2 2 2 2 2 2 2 2 2 2 2 2 2 2 2 2 2 2
left_child=1 2 5 17 24 51 32 50 36 -6 -11 12 13 15 -13 -12 -10 21 19 20 -19 -2 -23 45 25 54 27 -26 30 48 31 49 40 -20 35 -35 -9 -38 -39 -5 43 42 -25 -7 -41 -8 -27 -31 -30 -18 -4 -1 53 -53 -3 -55
right_child=3 4 7 39 9 6 23 8 16 10 11 14 -14 -15 -16 -17 28 18 33 -21 -22 22 -24 41 26 46 -28 -29 29 47 -32 -33 -34 34 -36 -37 37 38 -40 44 -42 -43 -44 -45 -46 -47 -48 -49 -50 -51 -52 52 -54 55 -56 -57
leaf_value=-0.92411033618192862 -0.92213328273700002 -0.9229608953222902 -0.92293428012026524 -0.92154817364894304 -0.92116823268267234 -0.92401906424150915 -0.92343532335343714 -0.92308568576038941 -0.92382305418888455 -0.92306439546347896 -0.9221667100218327 -0.92366080835905462 -0.92070210257648477 -0.92304533233067798 -0.92173258943958913 -0.92063209376360144 -0.92373011532920224 -0.92102714349344317 -0.92344133628692038 -0.92058326739249741 -0.92291209506154503 -0.92275548606150071 -0.92395596045606276 -0.92391404536536337 -0.92374631695858744 -0.92263203302092511 -0.92395915320711219 -0.92258896800677093 -0.92407715979001526 -0.9228390257130179 -0.92362207799338381 -0.92232340041948635 -0.92403385357826984 -0.92313407538593228 -0.92311062494534812 -0.92171515144990912 -0.92206442490699403 -0.92374776899140976 -0.92240743773023948 -0.92255796119657985 -0.92398500314581133 -0.92370629893400613 -0.92310158585210977 -0.92312584518322727 -0.92181724295312661 -0.92255516603339693 -0.92144130853279338 -0.92366773905606936 -0.92329502157216414 -0.92293982770579897 -0.92358686096541975 -0.92396372988827413 -0.92430426057053927 -0.92257030650063732 -0.92359688445454946 -0.92351899563552164
leaf_weight=240.49925807118416 10.173403471708296 48.425400525331497 17.701722040772438 51.680889636278152 8.5456589162349683 13.835828721523283 14.853169068694113 33.775699526071548 71.010356232523918 45.373379483819008 15.870509415864946 14.649700999259951 16.07397748529911 18.719062387943268 8.5456589162349683 9.1560631245374662 15.463573276996611 8.5456589162349683 21.974551498889923 18.10865817964077 35.606912150979042 16.277445554733273 17.701722040772442 15.870509415864943 15.667041346430777 9.7664673328399676 26.043912887573242 26.247380957007408 41.507486164569855 27.061253234744072 31.130614623427391 19.532934665679932 155.85654118657112 9.1560631245374697 29.706338137388229 18.10865817964077 36.420784428715706 10.783807680010797 16.887849763035774 24.416168332099915 40.083209678530693 55.953719094395638 93.188375800848007 39.065869331359863 36.624252498149872 32.351423040032387 12.615020304918287 19.329466596245766 16.480913624167442 44.966443344950676 282.61714844405651 53.512102261185646 26.857785165309906 13.021956443786623 20.957211151719093 13.225424513220785
leaf_count=1182 50 238 87 254 42 68 73 166 349 223 78 72 79 92 42 45 76 42 108 89 175 80 87 78 77 48 128 129 204 133 153 96 766 45 146 89 179 53 83 120 197 275 458 192 180 159 62 95 81 221 1389 263 132 64 103 65
internal_value=-0.923299 -0.923459 -0.923598 -0.922336 -0.922759 -0.92378 -0.923597 -0.923384 -0.923255 -0.92238 -0.922461 -0.922131 -0.921813 -0.922221 -0.92295 -0.921605 -0.923458 -0.922629 -0.922484 -0.921976 -0.922547 -0.923093 -0.923381 -0.923262 -0.923083 -0.922862 -0.923381 -0.923022 -0.923338 -0.923557 -0.923133 -0.922942 -0.923883 -0.922885 -0.922671 -0.922192 -0.922662 -0.922438 -0.92293 -0.921854 -0.923629 -0.923385 -0.92322 -0.923359 -0.922114 -0.922832 -0.921961 -0.923184 -0.923855 -0.923142 -0.923548 -0.924022 -0.923824 -0.923662 -0.923153 -0.923048
internal_weight=2087.58 1789.5 1492.85 298.081 296.656 808.175 461.059 684.67 384.351 136.934 128.388 83.015 59.8196 43.7456 23.1954 25.0266 286.483 185.359 141.207 62.2612 44.1526 44.1526 33.9792 212.217 159.722 91.7641 67.9583 41.9144 215.473 104.379 111.094 79.963 248.841 78.9456 56.9711 27.2647 97.8681 64.0924 27.6717 112.721 92.9849 165.013 109.059 52.9017 61.0404 47.2046 22.3815 46.3907 57.9884 60.43 300.319 347.117 106.617 79.7595 69.3826 26.2474
internal_count=10260 8795 7337 1465 1458 3972 2266 3365 1889 673 631 408 294 215 114 123 1408 911 694 306 217 217 167 1043 785 451 334 206 1059 513 546 393 1223 388 280 134 481 315 136 554 457 811 536 260 300 232 110 228 285 297 1476 1706 524 392 341 129
is_linear=0
shrinkage=1


Tree=1
num_leaves=57
num_cat=0
split_feature=22 8 8 16 15 15 16 8 8 8 8 8 8 8 8 8 15 8 8 17 19 18 21 8 15 8 8 8 16 8 16 15 8 18 16 16 8 8 19 21 16 21 17 19 18 21 15 8 15 16 17 8 8 8 8 8
split_gain=220.919 38.8018 58.0447 35.2017 34.1069 28.863 21.8322 15.222 10.1608 13.265 9.4638 8.55529 19.7274 33.9224 16.7788 8.35813 8.38704 8.03311 9.35293 7.41252 9.53338 10.4385 12.5057 7.38658 7.15156 6.47891 6.45809 8.23217 8.39178 6.3282 6.19788 6.12692 6.08858 5.80351 5.50774 5.41213 5.27836 9.57976 4.95166 4.94592 5.44417 4.93836 5.75387 6.35082 4.84131 5.29495 4.59777 4.62863 4.33143 4.26842 4.10638 4.35015 4.57056 3.90052 3.82831 6.44123
threshold=1.0000000180025095e-35 1.9791666666666667 72.479166666666671 -0.70710678118654757 0.25881904510252091 0.37940952255126054 -0.12940952255126037 109.68750000000001 191.64583333333334 183.97916666666671 -50.937499999999993 -90.104166666666643 76.395833333333357 27.437500000000004 -68.562499999999986 -182.68749999999997 -0.60355339059327362 -94.020833333333329 -200.68749999999997 1.0000000180025095e-35 1.0000000180025095e-35 1.0000000180025095e-35 1.0000000180025095e-35 43.104166666666679 0.37940952255126054 -88.145833333333329 133.18750000000003 203.14583333333334 -0.60355339059327384 54.854166666666679 -0.78656609248549325 0.78656609248549325 -208.68749999999997 1.0000000180025095e-35 1.0000000180025095e-35 0.25881904510252057 252.97916666666671 260.64583333333343 1.0000000180025095e-35 1.0000000180025095e-35 0.1294095225512602 1.0000000180025095e-35 1.0000000180025095e-35 1.0000000180025095e-35 1.0000000180025095e-35 1.0000000180025095e-35 0.25881904510252091 45.062500000000007 0.78656609248549325 0.1294095225512602 1.0000000180025095e-35 -182.68749999999997 -125.35416666666664 7.854166666666667 -133.18749999999997 -160.68749999999997
decision_type=2 2 2 2 2 2 2 2 2 2 2 2 2 2 2 2 2 2 2 2 2 2 2 2 2 2 2 2 2 2 2 2 2 2 2 2 2 2 2 2 2 2 2 2 2 2 2 2 2 2 2 2 2 2 2 2
left_child=1 6 3 46 30 11 38 -6 9 33 17 15 13 14 -13 -2 -17 18 32 20 21 22 23 24 -5 -19 -14 28 -28 -25 -4 -7 -8 41 53 -22 -10 -38 44 -32 -41 42 43 -9 45 50 -3 -48 -35 -12 51 -1 -53 -33 55 -20
right_child=5 2 4 19 7 31 10 8 36 -11 49 12 26 -15 -16 16 -18 25 54 -21 35 -23 -24 29 -26 -27 27 -29 -30 -31 39 34 -34 48 -36 -37 37 -39 -40 40 -42 -43 -44 -45 -46 -47 47 -49 -50 -51 -52 52 -54 -55 -56 -57
leaf_value=0.00036335859055472734 0.0011577653920260775 -0.00051584802545994617 -0.00066898737165491985 0.00069523788926492496 -0.00044354486820787368 0.001741437317562112 -0.00020339435479513272 0.0011159309606484386 -0.00013597267491313018 0.0017790488126025155 -0.0011079087768890491 0.0022609401967007212 -0.0001481409938550936 0.0027033311499876996 0.00038040906819451298 0.00053676727971988056 -0.00066232484604047579 0.0011108152968934745 -0.00036752607942812561 0.00021690922670748066 -0.00028577603474504984 0.0003906324210650599 0.00057387462617212808 0.0027884706426346906 0.0017405560094547611 0.00010979449807223802 0.00015874798934736043 0.00018216671333111907 0.0015748998059684663 0.0015517560139930659 -0.00038617375084269544 0.00017350126232736586 0.00099337937808265803 0.00033529619528586198 0.0014730655081366722 0.00071281342663406225 0.0013960842953922249 5.5787806900724642e-05 -0.00090751269252915411 -0.00048742888036502115 0.00028005713969099153 -3.5181930343263779e-05 2.8829568839645158e-05 0.00024624979683789713 -0.00082891051181768522 -0.00075681326455974581 -0.00030209308596513694 0.00085483509513761737 -0.00085761180684835135 -0.0004035250265872089 -0.00060091360259313025 -0.00067812350831995415 -0.00012777134644995783 0.0011481870782847929 -0.00049296492246985498 0.00017035307067540765
leaf_weight=16.483165964484215 10.178492218255995 43.332802474498749 94.99676051735878 21.780570507049561 56.353457525372505 51.719775646924973 10.58122092485428 37.450573593378067 94.20524725317955 10.789318069815634 14.644554629921911 8.5540077388286573 21.973144948482513 18.129813775420189 35.612763836979866 16.281219720840451 17.696658298373226 10.783070459961889 82.395859941840172 32.968031600117683 14.651426017284395 31.951011970639229 32.561663880944252 9.1628568172454852 16.89442566037178 73.242825269699097 9.1566907614469546 29.708676874637604 18.120979934930801 17.506775423884392 286.03565941751003 10.380161404609682 14.856176882982252 8.9532516598701495 36.647563576698303 17.096616581082344 10.175074651837347 32.558145239949226 58.986181706190109 21.154796808958054 36.823690146207809 19.736413076519966 16.887994572520256 18.108636289834976 60.613513931632042 59.800694569945335 12.20882870256901 8.5460214316844922 8.7484274506568891 85.651891708374023 58.986360520124435 32.347863808274269 68.155926421284676 14.043747782707213 76.903238773345947 53.302427291870117
leaf_count=81 50 213 467 107 277 254 52 184 463 53 72 42 108 89 175 80 87 53 405 162 72 157 160 45 83 360 45 146 89 86 1406 51 73 44 180 84 50 160 290 104 181 97 83 89 298 294 60 42 43 421 290 159 335 69 378 262
internal_value=-5.64689e-06 -0.000165765 -1.00902e-05 0.000482667 -0.000179361 0.000955142 -0.000368259 0.000124074 0.000248241 0.00050332 -0.00018296 0.000662578 0.000807382 0.00131465 0.000744621 0.000199351 -8.77545e-05 -8.22433e-05 -0.000195377 0.000737938 0.00084423 0.000989027 0.00118431 0.00148849 0.00115186 0.000238256 0.00040716 0.000621276 0.00109952 0.00197665 -0.000396368 0.00143608 0.000495556 0.00037806 0.00117747 0.000251974 2.34578e-05 0.000374922 -0.000588486 -0.000321086 2.20498e-08 0.000499481 0.000645137 0.000832472 -0.000524994 -0.000446863 -0.000292348 0.000174284 -0.000254256 -0.000506374 -0.000341533 -0.000210749 -0.000304906 0.000733946 -0.000278046 -0.000156247
internal_weight=2087.58 1789.37 1011.64 258.661 752.977 298.204 777.735 313.967 257.613 120.675 422.361 185.412 141.256 62.2966 44.1668 44.1564 33.9779 322.065 238.039 194.573 161.605 129.857 97.9063 65.3446 38.675 84.0259 78.9595 56.9863 27.2777 26.6696 439.011 112.791 25.4374 109.885 61.0715 31.748 136.938 42.7332 355.374 344.014 57.9785 92.1836 72.4472 55.5592 296.388 235.774 64.0877 20.7549 17.7017 100.296 175.973 116.987 100.504 24.4239 212.602 135.698
internal_count=10260 8795 4972 1271 3701 1465 3823 1543 1266 593 2076 911 694 306 217 217 167 1583 1170 956 794 638 481 321 190 413 388 280 134 131 2158 554 125 540 300 156 673 210 1747 1691 285 453 356 273 1457 1159 315 102 87 493 865 575 494 120 1045 667
is_linear=0
shrinkage=0.0012057


Tree=2
num_leaves=57
num_cat=0
split_feature=23 8 8 15 15 8 17 19 21 18 8 8 8 8 8 8 8 8 8 8 18 19 8 8 8 21 17 15 15 15 15 15 8 8 18 8 8 8 8 21 18 17 19 8 15 15 15 8 8 8 15 8 8 8 19 8
split_gain=69.2012 43.3797 73.7878 28.9501 24.9158 10.8525 10.8332 13.5019 14.5473 27.7697 10.9195 9.76082 12.2746 9.16882 17.474 14.7734 18.5545 15.1832 13.7537 9.3325 7.66805 11.0862 8.67748 7.18872 16.45 6.26617 11.0198 9.98013 5.86122 5.78188 5.6605 7.3209 6.51292 12.0156 7.97418 5.52803 7.52135 5.19361 4.98155 4.80051 6.36148 8.15301 4.68383 4.61014 4.62867 4.47964 4.95122 4.18047 4.02699 3.95287 3.90958 3.69926 4.53658 6.93792 3.66144 3.63754
threshold=1.0000000180025095e-35 5.8958333333333348 72.479166666666671 0.25881904510252091 0.12940952255126045 92.062500000000014 1.0000000180025095e-35 1.0000000180025095e-35 1.0000000180025095e-35 1.0000000180025095e-35 21.562500000000004 101.85416666666667 109.68750000000001 -180.68749999999997 -19.604166666666661 197.39583333333334 141.02083333333334 78.354166666666671 247.22916666666671 43.104166666666679 1.0000000180025095e-35 1.0000000180025095e-35 -200.68749999999997 72.479166666666671 1.9791666666666667 1.0000000180025095e-35 1.0000000180025095e-35 0.37940952255126054 0.37940952255126054 -0.5 -0.5 -0.60355339059327362 199.31250000000003 154.72916666666671 1.0000000180025095e-35 -90.104166666666643 -58.770833333333321 -58.770833333333321 139.06250000000003 1.0000000180025095e-35 1.0000000180025095e-35 1.0000000180025095e-35 1.0000000180025095e-35 -50.937499999999993 -0.25881904510252113 0.37940952255126054 -0.70710678118654735 -117.52083333333333 -127.31249999999999 150.81250000000003 0.78656609248549325 154.72916666666671 191.64583333333334 226.14583333333334 1.0000000180025095e-35 -21.562499999999996
decision_type=2 2 2 2 2 2 2 2 2 2 2 2 2 2 2 2 2 2 2 2 2 2 2 2 2 2 2 2 2 2 2 2 2 2 2 2 2 2 2 2 2 2 2 2 2 2 2 2 2 2 2 2 2 2 2 2
left_child=1 20 6 30 23 -5 7 8 9 10 28 -7 -13 -6 -15 16 17 19 -17 -16 21 22 -1 24 -2 26 27 29 -3 -24 31 32 33 -4 54 -31 -37 48 -32 40 41 42 -14 44 -27 46 -11 -28 50 -40 -23 -25 -53 -54 -34 -38
right_child=4 2 3 5 13 11 -8 -9 -10 45 -12 12 39 14 15 18 -18 -19 -20 -21 -22 37 25 51 -26 43 47 -29 -30 35 38 -33 34 -35 -36 36 55 -39 49 -41 -42 -43 -44 -45 -46 -47 -48 -49 -50 -51 -52 52 53 -55 -56 -57
leaf_value=0.00042321322631808279 0.00014010382640316631 0.00029005991036689977 -0.00036123905751376986 -0.00052294448509962964 0.0021195002276999538 0.001233850089006258 6.8518786499769294e-05 0.00011430026139890523 0.00029912240415334119 0.00065697439710819632 0.0017443559454512624 -0.00099315314657850702 0.00073328702829546547 0.00022864613815055381 0.00112305661138509 -0.00036722949424546536 0.0025822440207240497 0.000247076353470063 0.0015570845354750745 0.0026504798291111212 -0.00056868746925190557 -0.0007850525216864866 4.6532872558698812e-05 -0.00045106455959104314 0.001328452683560899 1.3980943485699286e-05 -0.00068095273836917306 0.00033383383772995026 0.0015561011678529243 -0.00074482939643014871 -0.00075981691176303591 0.00034070273010596133 -0.00022890988950498582 0.00041004892703248039 -0.0013502042584919946 0.00068350493932670066 -0.00095681601757694173 -0.00092790001313428896 0.00036708566425530317 -0.00011534605560366802 -9.6815478026617585e-05 -4.6981815172831088e-05 0.00024243553704839192 -0.00083709534443866644 -0.00053969538477607751 0.00078308286782595481 -0.00048339664683076194 -0.00023835014879406395 -0.00010759747884718558 -0.00040237744558666027 9.5783208814956965e-06 0.00072310495154916837 -0.00090171647465771938 0.00031247122619036021 -0.00089377865288781696 6.6238303475026398e-05
leaf_weight=33.17269566655159 69.380824387073517 14.041906818747522 89.302488103508949 30.10604240000248 8.5548570007085782 13.632985740900038 39.885354205965996 38.869419202208519 43.146773174405098 8.7520343810319883 63.969065219163895 12.20723235607147 86.738096490502357 45.373143702745438 15.883702114224436 14.646362930536272 16.099899232387543 18.722857892513275 8.5522373020648939 9.1736190915107709 134.03022833168507 42.913135141134262 80.785446241497993 25.422702863812447 22.401421412825584 37.628856554627419 52.880570292472839 90.176264300942421 8.5541672110557538 37.221328780055046 59.999955862760544 32.147307470440865 57.160510376095772 43.745869517326355 14.440568372607229 12.215715587139128 11.59719994664192 39.86092172563076 10.578726693987845 44.561280205845833 42.524195164442062 40.492145523428917 41.917943015694618 32.741869494318962 52.675938174128532 14.655279994010924 15.056284904479982 75.051477923989296 38.237449452280998 117.56920871138573 11.389645993709562 13.020528644323347 10.78236696124077 18.716848194599152 15.254185691475866 8.9523916542530078
leaf_count=163 341 69 439 148 42 67 196 191 212 43 314 60 426 223 78 72 79 92 42 45 659 211 397 125 110 185 260 443 42 183 295 158 281 215 71 60 57 196 52 219 209 199 206 161 259 72 74 369 188 578 56 64 53 92 75 44
internal_value=-5.64025e-06 -9.49973e-05 7.20112e-05 -0.000115683 0.000533649 0.000165163 0.000643902 0.000754744 0.000902766 0.00111108 0.00148985 0.000238605 0.000188061 0.000910883 0.000830389 0.00115903 0.00147549 0.00106849 0.000342175 0.00168225 -0.000305846 -0.000252266 -0.000173651 0.000210071 0.000430146 -0.0002139 -0.000135307 1.65414e-05 0.000769344 -0.00017323 -0.000314853 -0.000196727 -0.000275292 -0.000107642 -0.000532106 -0.000426902 -6.5737e-05 -0.000564052 -0.000473101 0.000244335 0.000320056 0.000424858 0.000573361 -0.000449512 -0.000308986 0.000258634 -6.41916e-05 -0.000421299 -0.000407328 -0.000338858 -0.000618384 -8.72243e-05 0.000130317 -0.000131331 -0.000368965 -0.000511124
internal_weight=2087.57 1790.84 999.309 752.379 296.731 312.18 246.93 207.045 168.176 125.029 86.5651 282.074 268.441 137.007 128.452 83.0787 59.8801 43.7802 23.1986 25.0573 791.531 657.501 525.1 159.725 91.7822 491.927 368.88 240.948 22.5961 150.772 440.199 252.051 219.904 133.048 86.8553 69.9866 32.7653 132.401 188.148 256.234 211.672 169.148 128.656 123.047 90.3048 38.4636 23.8083 127.932 92.5402 128.148 54.3028 67.9424 42.5197 29.4992 72.4147 20.5496
internal_count=10260 8802 4911 3698 1458 1534 1213 1017 826 614 425 1386 1319 673 631 408 294 215 114 123 3891 3232 2581 785 451 2418 1813 1184 111 741 2164 1239 1081 654 427 344 161 651 925 1259 1040 831 632 605 444 189 117 629 455 630 267 334 209 145 356 101
is_linear=0
shrinkage=0.0012057


Tree=3
num_leaves=57
num_cat=0
split_feature=22 23 16 15 15 8 15 8 8 8 8 8 8 8 8 8 8 8 8 8 8 8 15 8 8 8 16 8 8 8 16 8 8 8 8 16 8 8 8 15 15 15 8 15 16 15 16 8 15 16 8 16 8 8 16 15
split_gain=220.122 119.389 39.7811 28.6796 24.838 24.5417 30.2017 9.88466 31.6319 9.13154 17.4153 14.7189 18.4691 15.1271 13.7115 9.28824 8.60814 8.51218 19.6009 33.6567 16.7052 8.32752 8.35735 7.67035 7.16969 16.3969 9.69595 9.0066 6.63938 7.95146 7.0904 6.78157 6.53355 6.4336 8.20013 8.36069 6.34491 8.06781 8.10152 6.11309 6.09903 6.00596 6.13565 5.5991 5.4857 5.39592 5.32388 5.31144 4.94912 4.92998 4.85005 4.15057 5.67507 10.1272 4.06006 4.05194
threshold=1.0000000180025095e-35 1.0000000180025095e-35 0.1294095225512602 0.37940952255126054 0.12940952255126045 1.0000000180025095e-35 0.25881904510252091 1.9791666666666667 72.479166666666671 -180.68749999999997 -19.604166666666661 197.39583333333334 141.02083333333334 78.354166666666671 247.22916666666671 43.104166666666679 123.39583333333336 -90.104166666666643 76.395833333333357 27.437500000000004 -68.562499999999986 -182.68749999999997 -0.60355339059327362 60.729166666666679 72.479166666666671 1.9791666666666667 0.37940952255126048 154.72916666666671 203.14583333333334 249.14583333333334 0.91597561503675351 183.97916666666671 103.81250000000001 133.18750000000003 203.14583333333334 -0.60355339059327384 25.479166666666668 52.895833333333336 60.729166666666679 -0.5 0.78656609248549325 0.91597561503675362 94.020833333333357 -0.98296291314453399 1.0000000180025095e-35 0.60355339059327384 -0.12940952255126037 268.31250000000006 0.60355339059327384 0.37940952255126048 -200.68749999999997 -0.37940952255126015 -52.895833333333321 -105.77083333333333 0.60355339059327384 0.91597561503675362
decision_type=2 2 2 2 2 2 2 2 2 2 2 2 2 2 2 2 2 2 2 2 2 2 2 2 2 2 2 2 2 2 2 2 2 2 2 2 2 2 2 2 2 2 2 2 2 2 2 2 2 2 2 2 2 2 2 2
left_child=1 2 5 17 24 51 32 50 36 -6 -11 12 13 15 -13 -12 -10 21 19 20 -19 -2 -23 45 25 54 27 -26 30 48 31 49 39 -20 35 -35 -9 -38 -39 43 -5 42 -25 -7 -42 -8 -27 -31 -30 -18 -4 -1 53 -53 -3 -55
right_child=3 4 7 40 9 6 23 8 16 10 11 14 -14 -15 -16 -17 28 18 33 -21 -22 22 -24 41 26 46 -28 -29 29 47 -32 -33 -34 34 -36 -37 37 38 -40 -41 44 -43 -44 -45 -46 -47 -48 -49 -50 -51 -52 52 -54 55 -56 -57
leaf_value=-0.00081571007332304965 0.0011557302213831501 0.00033176891224974495 0.000357599208415387 0.0017367452519174021 0.0021150151508963775 -0.00072562682692997875 -0.00014246800170011599 0.00020612664218135537 -0.00052895437105858392 0.00022834791154910055 0.0011211600640359573 -0.00036684490712274596 0.00257627078105143 0.00024675214147383594 0.0015541645729837789 0.0026442734992715208 -0.00043667029855791201 0.0022552244815682229 -0.0001474885129689837 0.0026928155625301257 0.00037971790328938221 0.0005359290746084379 -0.00066112245170333868 -0.00062026062379863447 -0.00045188333241302884 0.00065792095590679587 -0.00066506107185854157 0.00070352192605063226 -0.00078299909367514017 0.00045356682992512518 -0.0003280110568725046 0.00096771502808185538 -0.00073940054227118084 0.0001585592360574024 0.00018220046617795763 0.0015718925512361881 0.001224327168603408 -0.00045534913882786681 0.00088201732942676486 -0.00069077861705685978 0.00073179423473028438 -0.0004130293958249809 0.00019085469716879124 0.00016697968452141125 0.0014691646900559427 0.00073523489455880092 0.0018428601073436509 -0.000373998554378112 -1.992192439642599e-06 0.00035256493815235532 -0.00029287082400875335 -0.00066942924000755672 -0.0010094574415533152 0.00072237442657315377 -0.00030347895640257691 -0.00022515813163145591
leaf_weight=240.30452717840672 10.183729603886603 48.431000903248787 17.708156898617744 51.773236900568008 8.5626569688320142 13.833071172237394 14.854121416807173 33.789348602294922 70.976669698953629 45.377619281411171 15.891381576657297 14.644041106104853 16.117760419845581 18.724853351712227 8.5579707175493223 9.1840576976537687 15.460821971297262 8.5636717826127988 21.967726588249207 18.16447277367115 35.620509922504425 16.28531455993652 17.686669468879703 15.864961981773375 15.657619923353193 9.7751487195491809 26.030862927436829 26.251400664448738 41.484048902988434 27.064859509468079 31.11746920645237 19.542846828699112 155.74820201098919 9.1572756320238131 29.708338171243668 18.133441880345345 36.459475710988045 10.786597773432733 16.904234796762466 40.060348510742188 24.438791409134865 55.947982922196388 93.206633970141411 39.068514034152031 36.681035712361336 32.375456035137177 12.639082536101339 19.323757007718086 16.480893403291702 44.975485950708389 282.50816188752651 53.479973554611206 26.830999538302422 13.023233160376551 20.954016655683517 13.221244424581526
leaf_count=1182 50 238 87 254 42 68 73 166 349 223 78 72 79 92 42 45 76 42 108 89 175 80 87 78 77 48 128 129 204 133 153 96 766 45 146 89 179 53 83 197 120 275 458 192 180 159 62 95 81 221 1389 263 132 64 103 65
internal_value=-5.63358e-06 -0.000165514 -0.000304407 0.00095312 0.000532883 -0.00048562 -0.000303323 -9.05714e-05 3.74703e-05 0.000909428 0.000829092 0.00115705 0.00147278 0.00106671 0.000341712 0.00167901 -0.000164786 0.00066148 0.000805864 0.00131121 0.000743224 0.000199394 -8.72861e-05 3.07548e-05 0.000209799 0.000429547 -8.71225e-05 0.000271851 -4.4816e-05 -0.000263203 0.000160316 0.000350309 -0.000588424 0.000406863 0.000620513 0.00109766 0.000628973 0.000851695 0.000361064 -0.00033548 0.00143225 -9.18658e-05 7.28743e-05 -6.64252e-05 0.00117433 0.00045919 0.00132609 0.000108834 -0.000560939 0.000150663 -0.000254503 -0.000727884 -0.000529818 -0.000368397 0.000139926 0.000245034
internal_weight=2087.57 1789.2 1492.4 298.364 296.799 807.819 460.959 684.583 384.367 137.06 128.498 83.1201 59.9181 43.8003 23.202 25.0754 286.427 185.471 141.315 62.3487 44.1842 44.1557 33.972 212.249 159.739 91.7992 67.9399 41.909 215.45 104.354 111.097 79.9792 248.71 78.9668 56.9991 27.2907 97.9397 64.1503 27.6908 92.9619 112.893 165.02 109.072 52.9016 61.1198 47.2296 22.4142 46.3886 57.9649 60.4363 300.216 346.86 106.555 79.7245 69.385 26.2445
internal_count=10260 8795 7337 1465 1458 3972 2266 3365 1889 673 631 408 294 215 114 123 1408 911 694 306 217 217 167 1043 785 451 334 206 1059 513 546 393 1223 388 280 134 481 315 136 457 554 811 536 260 300 232 110 228 285 297 1476 1706 524 392 341 129
is_linear=0
shrinkage=0.0012057


Tree=4
num_leaves=57
num_cat=0
split_feature=23 16 15 15 16 17 15 21 20 16 17 21 15 15 20 16 15 16 15 15 21 20 15 16 15 17 15 21 15 15 17 15 15 15 15 15 15 15 15 15 15 16 15 15 15 20 15 15 15 15 15 15 15 16 17 15
split_gain=68.8424 39.0705 24.7606 23.8371 21.8762 15.6388 11.3945 9.20486 8.11635 6.91209 5.77306 4.14602 7.04152 5.76179 4.98585 4.31472 4.10853 4.22466 3.98691 3.95165 3.92709 5.22805 3.43475 2.62134 2.57473 4.03495 2.52241 3.65632 2.76273 2.33242 2.18143 2.1366 3.94332 3.78393 1.79019 1.59186 1.50233 1.39649 1.84326 1.39174 1.34817 1.33996 1.15669 1.1299 1.07982 0.936396 2.76406 0.898387 0.880456 0.99946 1.71491 1.70128 1.16437 0.870555 0.807195 0.796473
threshold=1.0000000180025095e-35 0.25881904510252057 0.12940952255126045 0.25881904510252091 0.91597561503675351 1.0000000180025095e-35 -0.9159756150367534 1.0000000180025095e-35 1.0000000180025095e-35 0.60355339059327384 1.0000000180025095e-35 1.0000000180025095e-35 0.37940952255126054 0.37940952255126054 1.0000000180025095e-35 0.37940952255126048 0.60355339059327384 0.37940952255126048 -1.0000000180025095e-35 0.78656609248549325 1.0000000180025095e-35 1.0000000180025095e-35 -0.25881904510252113 -0.70710678118654757 -0.5 1.0000000180025095e-35 0.12940952255126045 1.0000000180025095e-35 -1.0000000180025095e-35 0.91597561503675362 1.0000000180025095e-35 0.91597561503675362 0.98296291314453421 0.37940952255126054 1.0000000180025095e-35 1.0000000180025095e-35 0.60355339059327384 0.78656609248549325 0.91597561503675362 -0.70710678118654735 0.12940952255126045 -0.78656609248549325 -0.98296291314453399 -0.9159756150367534 1.0000000180025095e-35 1.0000000180025095e-35 0.78656609248549325 0.78656609248549325 0.37940952255126054 0.91597561503675362 0.98296291314453421 0.78656609248549325 0.60355339059327384 -0.12940952255126037 1.0000000180025095e-35 -0.78656609248549292
decision_type=2 2 2 2 2 2 2 2 2 2 2 2 2 2 2 2 2 2 2 2 2 2 2 2 2 2 2 2 2 2 2 2 2 2 2 2 2 2 2 2 2 2 2 2 2 2 2 2 2 2 2 2 2 2 2 2
left_child=1 3 9 6 5 11 30 10 26 22 31 13 -13 -3 37 -16 -14 -18 -11 -9 21 24 43 -4 39 35 27 54 -29 -21 -1 33 -33 -5 41 -26 -17 -15 -39 -8 -10 -23 -32 53 -24 -35 -47 -19 -25 51 -51 52 -50 -2 -6 -7
right_child=2 4 23 7 8 55 20 19 40 18 -12 12 16 14 15 36 17 47 -20 29 -22 34 44 48 25 -27 -28 28 -30 -31 42 32 -34 45 -36 -37 -38 38 -40 -41 -42 -43 -44 -45 -46 46 -48 -49 49 50 -52 -53 -54 -55 -56 -57
leaf_value=-0.00012996494578322292 0.00038820513814756601 0.00022220601228511628 0.00055718540418448512 -9.4419376024306261e-05 -3.5861007885828249e-05 -0.00049886657615903481 -0.00039130812585805677 -0.00014585364411139211 -0.00054621905494480361 -0.00036758519385974328 -0.00026000323827510442 0.00049529809486509411 -0.00073956512568142672 0.00076286920833364754 0.0007905986659209191 -0.00035753446836227665 -0.00053734336463687822 8.3180432912595528e-05 0.00041838362109353108 -0.0011549086466370515 -0.00080133882856375566 -0.0010904822934385185 -0.00027889257038027246 0.00068178141920770079 -0.00048219862920810959 -0.00084060871422714158 -0.00029566684473462468 0.00085571033797268508 3.6561285861012898e-05 -0.00049834863645779653 -0.00074249348372134032 -0.00026357057308418896 0.00021645229757952448 0.00034335379203325925 -0.00038617116391620503 -0.00017686858069362735 0.00016285835771037235 0.00033351882627841682 0.00071551504901299745 -0.00010773565239886167 -0.0010258087884591667 -0.00069566427401043438 -0.00029757409072950046 0.00037144937193133598 0.00022622981088480019 -0.00010469093423712935 0.00063803586330433482 0.00054993420356163724 0.0012731407019240851 0.00068114155621922044 0.0012253574500790453 0.0013765336630034988 0.00082434937907423732 0.00078244903264159348 -0.00028644886913075984 -0.00016713673671926114
leaf_weight=182.27535457909107 12.212644442915915 147.94577613472939 25.2619299441576 50.046374842524529 73.858982309699059 12.204891875386236 49.424949467182159 37.623507097363472 25.426096126437187 36.621212095022202 72.809658259153366 39.269617319107056 14.036788582801817 75.34421481192112 13.636980280280111 11.806476771831511 12.613039344549177 11.59579049050808 12.613770544528959 11.389874547719954 64.234033226966858 24.393804267048832 12.006457790732384 12.221751004457472 76.252002567052841 37.19463287293911 61.640702456235886 11.391961738467216 12.611457154154778 25.421110600233078 12.808936744928358 50.056469440460205 49.459472268819809 111.748167142272 13.010117202997206 36.802947402000427 25.445173218846321 35.833289116621017 37.665115624666214 51.247474938631058 12.815642341971396 25.620754092931751 25.218092739582062 49.251780673861504 12.617882043123245 24.418643191456795 10.380401223897932 12.410613894462585 12.223403468728064 24.447981014847755 12.837161958217619 23.226897597312927 26.894706204533577 24.429768800735474 25.016191750764847 76.286347076296806
leaf_count=896 60 727 124 246 363 60 243 185 125 180 358 193 69 370 67 58 62 57 62 56 316 120 59 60 375 183 303 56 62 125 63 246 243 549 64 181 125 176 185 252 63 126 124 242 62 120 51 61 60 120 63 114 132 120 123 375
internal_value=-5.62698e-06 -9.47764e-05 0.000532119 -0.000245768 0.000115289 0.000249384 -0.000402738 -3.38746e-05 -0.000201404 0.000209527 4.41612e-05 0.000342864 0.000112104 0.00040255 0.000536135 0.000210344 -0.000184954 2.76364e-05 -0.000166224 -0.000420643 -0.000529713 -0.000474138 0.00037692 0.000907977 -0.000396161 -0.000496135 -9.66312e-05 3.21287e-06 0.000425327 -0.000701498 -0.000184765 0.000118951 -2.4999e-05 0.000191819 -0.000784591 -0.000382804 -2.07409e-06 0.000647522 0.000529277 -0.000246955 -0.00070694 -0.00088823 -0.00044744 0.000490727 -2.00603e-05 0.000289571 0.000116861 0.000324479 0.000987203 0.00102467 0.000868513 0.00111806 0.000964585 0.00065105 -9.92617e-05 -0.00021289
internal_weight=2087.56 1790.69 296.867 1041.84 748.855 526.094 598.483 443.354 222.761 159.754 368.919 437.603 89.9258 347.677 199.731 50.8886 50.6562 36.6194 49.235 74.4345 378.181 313.947 110.519 137.114 250.922 150.25 184.519 122.879 24.0034 36.811 220.302 296.11 99.5159 196.594 63.0247 113.055 37.2516 148.843 73.4984 100.672 38.2417 50.0146 38.027 85.8942 24.6243 146.547 34.799 24.0064 111.852 99.6302 37.2851 62.345 39.1181 36.6424 98.8752 88.4912
internal_count=10260 8802 1458 5122 3680 2585 2943 2179 1095 785 1813 2150 442 1708 981 250 249 180 242 366 1860 1544 543 673 1234 739 907 604 118 181 1083 1455 489 966 310 556 183 731 361 495 188 246 187 422 121 720 171 118 549 489 183 306 192 180 486 435
is_linear=0
shrinkage=0.0012057


Tree=5
num_leaves=57
num_cat=0
split_feature=22 15 8 16 15 8 8 8 8 8 8 8 8 8 8 8 8 16 8 15 8 8 8 8 8 16 15 15 8 16 8 8 8 8 8 8 16 15 18 16 15 8 8 8 8 16 19 15 16 8 16 16 8 8 8 8
split_gain=214.072 35.8374 30.0229 26.0625 21.7887 18.7991 12.7699 12.2476 17.7716 46.9369 10.7864 10.0638 16.1553 12.1975 24.0564 16.382 9.42533 8.77183 8.42756 8.14184 8.08433 7.50373 7.49656 7.45736 7.00652 6.89096 8.09588 6.40394 8.00737 5.9057 5.56089 7.0958 15.8111 6.52122 6.69829 6.08557 5.94485 5.32891 5.13602 4.92461 4.52294 4.41185 16.6751 7.90354 6.38296 4.7118 4.37901 4.86791 4.20135 5.15 4.12329 4 3.6938 4.38826 3.95751 4.68913
threshold=1.0000000180025095e-35 0.25881904510252091 1.0000000180025095e-35 0.1294095225512602 0.37940952255126054 66.604166666666671 109.68750000000001 -90.104166666666643 76.395833333333357 27.437500000000004 -62.687499999999993 203.14583333333334 251.06250000000003 -21.562499999999996 72.479166666666671 25.479166666666668 270.22916666666669 1.0000000180025095e-35 123.39583333333336 -0.25881904510252113 -182.68749999999997 -39.187499999999993 52.895833333333336 133.18750000000003 39.187500000000007 -0.70710678118654757 0.98296291314453421 -0.5 -168.68749999999997 0.78656609248549303 197.39583333333334 252.97916666666671 258.72916666666669 154.72916666666671 166.47916666666671 183.97916666666671 1.0000000180025095e-35 -0.9159756150367534 1.0000000180025095e-35 -0.37940952255126015 -0.60355339059327362 7.854166666666667 70.520833333333357 -35.270833333333321 154.72916666666671 1.0000000180025095e-35 1.0000000180025095e-35 -0.70710678118654735 -0.37940952255126015 203.14583333333334 0.78656609248549303 -0.12940952255126037 -80.312499999999986 -66.604166666666643 -202.68749999999997 -160.68749999999997
decision_type=2 2 2 2 2 2 2 2 2 2 2 2 2 2 2 2 2 2 2 2 2 2 2 2 2 2 2 2 2 2 2 2 2 2 2 2 2 2 2 2 2 2 2 2 2 2 2 2 2 2 2 2 2 2 2 2
left_child=1 3 17 27 7 25 39 19 9 10 -9 13 -13 20 15 -15 50 -3 -16 -2 -5 52 24 -10 -17 -4 -27 28 37 51 33 -32 -33 38 -35 -36 -34 -1 -8 -7 -20 43 -43 45 -44 -6 -30 -48 -25 -50 -14 -12 54 -54 -19 -56
right_child=4 2 5 11 41 6 30 8 23 -11 29 12 16 14 18 22 -18 21 40 -21 -22 -23 -24 48 -26 26 -28 -29 46 -31 31 32 36 34 35 -37 -38 -39 -40 -41 -42 42 44 -45 -46 -47 47 -49 49 -51 -52 -53 53 -55 55 -57
leaf_value=-0.00046301149445912831 0.00050568625526061059 -0.00043643702697867279 6.7621917525627288e-05 0.00026767366601010846 0.00089715214431528327 5.0315799458953799e-05 0.00028193100237368027 0.0017407854942470863 -0.00013013266823716559 0.002907281845875985 0.00026340167902263415 -0.00093324928815767506 6.5981107115601657e-05 0.00010989813107696067 -0.00054586133028688554 0.00094289567060573058 -0.00067908859827332661 0.00073681773729527937 0.00037758073385949181 -0.00059801910131865147 -0.00037324947685333083 -0.0005877990607501901 0.0005552826506340727 0.00032434931818146184 0.0021624098098759008 0.0010018450872567111 -0.00014725147517737118 -0.00065289378686154411 -0.00025191897295836064 -0.00050052583918324593 -0.00015633948749669955 0.0018920940409077604 -0.00044206485451070426 0.0013081982873448354 2.730066829829731e-05 0.00090626369613086685 0.00058178171329202144 -0.0015140682311825507 -0.00063881351728211093 -0.00063140922120726527 -0.00018358687904563334 0.0028145181838465706 0.00070440397248311556 0.00011279747058662209 0.0016103539062049146 0.0017509372549749753 -0.00088112870658438747 6.0866916042972233e-05 0.001509658624320153 0.00054579266601911586 0.0011682525078969433 0.0012758307430018694 0.0010590050225068304 0.00011169270881733066 -0.00047652495507976038 9.3662418549021897e-05
leaf_weight=13.826336130499842 29.719026237726212 161.42790028452873 19.948894739151001 34.586411133408546 17.732783824205399 25.021563321352005 58.225749805569649 10.199220314621924 20.94830758869648 19.410464182496071 15.469849750399588 49.807363927364349 8.9531959146261269 49.042890176177025 55.097866132855415 14.673787444829943 11.998009741306303 8.9595170021057111 36.831849560141563 14.435677945613859 165.55427791178226 29.693396970629692 20.981130704283714 23.403596088290215 12.842793613672255 71.317187607288361 10.186169221997259 221.13081155717373 228.16224174201488 9.1602904349565488 83.625964313745499 8.7608729451894742 16.488772675395012 17.71943011879921 24.638265743851662 21.393870741128922 16.488128200173378 14.228927388787268 10.376474902033804 40.075571805238724 48.20639306306839 12.85435803234577 18.149518132209778 9.3790411204099637 29.981310963630676 19.988285034894943 34.557553976774216 10.367355242371557 15.08748748898506 17.297174751758575 10.988019257783888 8.957931190729143 10.986649900674822 20.138985320925713 31.940375998616219 61.028701648116112
leaf_count=68 146 794 98 170 87 123 286 50 103 95 76 245 44 241 271 72 59 44 181 71 814 146 103 115 63 350 50 1088 1122 45 411 43 81 87 121 105 81 70 51 197 237 63 89 46 147 98 170 51 74 85 54 44 54 99 157 300
internal_value=-6.13348e-06 -0.000162301 3.89633e-05 -0.000306887 0.000950776 0.000250048 0.000107769 0.000698484 0.000873177 0.00134665 0.000654831 -0.000115692 -0.000504032 -4.31838e-05 0.000141489 0.000601262 0.000165308 -0.000237295 -0.000178533 0.000144847 -0.000262491 -3.97684e-05 0.00109815 0.000483244 0.00151208 0.000702772 0.000858233 -0.000497091 -0.000382684 0.000325075 0.00022829 4.63112e-05 0.000452343 0.000400658 0.000678284 0.000435807 6.98484e-05 -0.000996081 0.000142663 -0.000369373 5.94666e-05 0.00138048 0.00159455 0.00110329 0.00126873 0.00134957 -0.000319667 -0.000663744 0.000713565 0.000994842 0.000673355 0.00063467 8.25343e-05 0.000446073 -2.84784e-05 -0.000102231
internal_weight=2082.45 1790.28 748.442 1041.84 292.174 424.267 322.815 184.089 139.934 63.1978 43.7873 519.564 81.7466 437.817 237.677 97.5406 31.9392 324.176 140.136 44.1547 200.141 162.748 48.4977 76.7366 27.5166 101.452 81.5034 522.273 301.142 33.5881 257.718 125.364 41.7378 132.354 63.7516 46.0321 32.9769 28.0553 68.6022 65.0971 85.0382 108.085 60.9852 47.1001 48.1308 37.7211 273.087 44.9249 55.7883 32.3847 19.9412 24.4278 133.054 31.1256 101.929 92.9691
internal_count=10235 8801 3678 5123 1434 2084 1586 904 687 310 215 2554 402 2152 1168 479 157 1594 689 217 984 800 238 377 135 498 400 2569 1481 165 1266 616 205 650 313 226 162 138 337 320 418 530 299 231 236 185 1343 221 274 159 98 120 654 153 501 457
is_linear=0
shrinkage=0.0012057


Tree=6
num_leaves=57
num_cat=0
split_feature=22 23 8 8 15 15 15 8 8 8 8 8 15 8 8 8 8 8 8 8 15 8 15 8 8 15 15 8 8 8 8 8 8 8 8 8 8 15 15 15 8 8 8 8 8 15 15 8 15 8 8 15 8 8 8 8
split_gain=213.484 113.121 27.4703 29.4361 24.8803 21.708 15.1952 12.7135 12.2091 17.7083 46.7257 10.7478 9.35565 11.439 8.52467 8.16406 14.1667 8.97288 12.3259 8.70956 8.12204 7.43597 7.16465 7.13438 7.0303 6.32579 6.27197 6.22246 14.1261 5.75831 8.34804 5.55413 4.96022 4.39353 16.5946 7.87582 6.35779 4.31033 4.2637 4.23254 4.05524 3.68545 5.08229 7.02957 6.1282 5.42548 6.61359 4.68141 4.16421 4.14941 9.12281 3.98733 3.62919 3.58154 4.66092 3.53751
threshold=1.0000000180025095e-35 1.0000000180025095e-35 1.0000000180025095e-35 52.895833333333336 0.25881904510252091 0.37940952255126054 0.25881904510252091 29.395833333333339 -90.104166666666643 76.395833333333357 27.437500000000004 -62.687499999999993 -0.5 203.14583333333334 -19.604166666666661 197.39583333333334 239.56250000000003 148.85416666666671 78.354166666666671 43.104166666666679 -0.25881904510252113 133.18750000000003 0.60355339059327384 251.06250000000003 -174.68749999999997 -0.98296291314453399 -1.0000000180025095e-35 72.479166666666671 21.562500000000004 95.979166666666671 150.81250000000003 109.68750000000001 -39.187499999999993 7.854166666666667 70.520833333333357 -35.270833333333321 154.72916666666671 -0.9159756150367534 0.78656609248549325 -0.5 62.687500000000007 -200.68749999999997 -119.47916666666664 -50.937499999999993 -43.104166666666664 -0.98296291314453399 0.12940952255126045 -94.020833333333329 -0.70710678118654735 -84.229166666666643 -105.77083333333333 1.0000000180025095e-35 268.31250000000006 -137.10416666666666 -168.68749999999997 -174.68749999999997
decision_type=2 2 2 2 2 2 2 2 2 2 2 2 2 2 2 2 2 2 2 2 2 2 2 2 2 2 2 2 2 2 2 2 2 2 2 2 2 2 2 2 2 2 2 2 2 2 2 2 2 2 2 2 2 2 2 2
left_child=1 2 41 7 27 8 12 22 20 10 11 -10 13 25 24 17 -17 18 19 -16 55 -11 -4 -15 -6 -5 39 28 32 -27 -31 40 37 35 -35 38 -36 -3 -7 -9 -8 51 53 45 -45 -44 47 -47 -49 50 -48 -1 -25 54 -43 -2
right_child=5 4 3 6 14 33 31 26 9 21 -12 -13 -14 23 15 16 -18 -19 -20 -21 -22 -23 -24 52 -26 29 -28 -29 -30 30 -32 -33 -34 34 36 -37 -38 -39 -40 -41 -42 42 43 44 -46 46 49 48 -50 -51 -52 -53 -54 -55 -56 -57
leaf_value=0.00023372885345319461 0.001137885800165979 0.00096700520751570888 -0.00020329757174527519 -0.000704989937898702 0.0014485039274564643 0.001786510774329097 0.00023189410222918422 0.00059089593180470211 0.0017373888966828626 -0.00012998308185801176 0.002900173065112888 0.00032463697883134746 -0.00062409969353954559 -0.00093175842367497789 0.0011505076988962389 -0.0004306276308769196 0.0015714112056583527 0.0023409356782267128 0.00035995858695447912 0.0026351132142585802 -0.00059745260434764739 0.00071248612660896595 0.00054466716040007244 0.0001772343605453455 0.00031892270960188178 0.00041238801922190344 0.0010453354263448345 -4.4017965527902844e-05 0.0013662382494806283 -0.00049277207298596898 0.00021688504927580205 4.5963365201059044e-05 -0.00032823101963778501 0.0028077367583391314 0.00070334188492474428 0.00011265603287337579 0.0016073012918015337 0.00020306043946977925 0.00097337874149035274 -0.00041438727022148305 -0.00048156410720885759 -0.00074599469183296932 0.00065825572415212808 -0.0011762131477573879 -0.00050985638367817565 -0.00086856781544014476 0.00033696796601254749 4.331543926601221e-05 -0.00058976151718618684 0.00018430493883566342 -0.00074320060936708626 -0.00052335088806994149 -0.00066374800707132099 -0.00090785987235500909 -0.000365338428704921 0.00023162939086916309
leaf_weight=20.745555013418198 8.9655444025993329 13.638515233993528 62.670977368950844 19.715755805373192 9.9960852265357953 17.349812626838684 14.461000099778174 21.183262452483181 10.206834122538565 20.947130516171455 19.434567242860794 33.592774018645287 174.16333591938019 46.533162325620651 15.295756518840792 10.578261867165567 9.9908559173345548 12.264287933707235 16.5008894354105 9.1994817405939084 14.431947082281111 55.805380910634995 26.484606876969337 17.489753425121311 40.307871088385582 39.673760548233986 37.079410016536713 74.242282941937447 18.558646529912949 47.577782958745956 48.827061429619789 215.93950121104717 19.545566290616989 12.86985921859741 18.155005410313606 9.3794955313205701 30.002022087574005 50.459419816732407 20.393104314804077 8.5441021770238859 58.15843990445137 97.756713569164276 8.7487845122814161 23.777332276105881 128.43754713237286 36.991288930177689 18.498297825455666 25.826480239629745 36.381104856729507 44.530988484621048 29.481715589761734 19.73158772289753 13.007390603423117 57.519966706633568 89.638996481895447 20.7599580436945
leaf_count=102 44 67 308 97 49 85 71 104 50 103 95 165 857 229 75 52 49 60 81 45 71 274 130 86 198 195 182 365 91 234 240 1061 96 63 89 46 147 248 100 42 286 481 43 117 632 182 91 127 179 219 145 97 64 283 441 102
internal_value=-6.12625e-06 -0.000162117 -0.000298266 -0.000156531 0.000512596 0.000949242 -0.000262683 0.00031688 0.000697432 0.000871798 0.00134425 0.000653857 -0.00041274 -0.000254634 0.000926164 0.00118697 0.000541805 0.00143613 0.00116546 0.00170807 0.000144664 0.000482561 1.88932e-05 -0.000634705 0.000543386 -6.67134e-05 0.000714553 0.000221639 0.000414618 2.57633e-05 -0.000133345 -5.10408e-05 0.000203475 0.00137799 0.00159154 0.00110144 0.00126651 0.00036561 0.00134716 0.000301962 -0.00033949 -0.000487414 -0.000511262 -0.000418603 -0.000613947 -0.000270271 -0.000312645 -0.000528907 -0.000326929 -8.07495e-05 -0.000326751 -0.000135328 -0.000181455 -0.00064469 -0.000563911 0.000504966
internal_weight=2082.45 1790.15 1489.58 851.509 300.578 292.293 695.547 155.962 184.144 139.987 63.2342 43.7996 406.988 232.825 124.133 73.8295 20.5691 53.2604 40.9961 24.4952 44.1574 76.7525 89.1556 77.0303 50.304 155.794 66.8068 176.444 102.202 136.079 96.4048 288.559 83.6435 108.149 61.0269 47.1224 48.157 64.0979 37.7429 29.7274 72.6194 638.066 597.589 352.674 152.215 200.459 191.71 99.1989 62.2076 92.511 47.98 40.4771 30.4971 244.916 187.396 29.7255
internal_count=10235 8801 7325 4186 1476 1434 3420 766 904 687 310 215 2002 1145 609 362 101 261 201 120 217 377 438 379 247 766 328 867 502 669 474 1418 411 530 299 231 236 315 185 146 357 3139 2940 1735 749 986 943 488 306 455 236 199 150 1205 922 146
is_linear=0
shrinkage=0.0012057


Tree=7
num_leaves=57
num_cat=0
split_feature=22 23 16 15 15 15 8 8 8 8 8 8 8 8 16 8 8 8 8 8 8 8 15 8 8 8 15 15 8 8 16 8 16 16 15 8 15 8 8 8 8 8 8 16 15 15 16 8 16 16 8 8 8 16 8 8
split_gain=212.898 112.846 38.7608 24.8027 23.2861 21.6276 21.3018 12.1707 17.6453 46.516 10.7094 9.70703 34.2196 16.9789 10.3444 9.69269 8.49448 8.13338 14.1223 8.93242 12.2792 8.66827 8.10229 7.41465 7.00641 6.78011 7.56948 6.27646 6.20588 14.0801 7.41805 6.82957 5.88948 5.66902 5.35273 6.8618 5.32364 5.30281 4.94775 4.37532 16.5146 7.84821 6.33276 4.69179 4.2971 4.21649 4.18629 5.12932 4.014 4.00183 3.99594 3.96992 3.72177 3.66447 3.59142 6.8601
threshold=1.0000000180025095e-35 1.0000000180025095e-35 0.1294095225512602 0.25881904510252091 0.25881904510252091 0.37940952255126054 -7.8541666666666652 -90.104166666666643 76.395833333333357 27.437500000000004 -62.687499999999993 1.9791666666666667 52.895833333333336 25.479166666666668 0.91597561503675351 -200.68749999999997 -19.604166666666661 197.39583333333334 239.56250000000003 148.85416666666671 78.354166666666671 43.104166666666679 -0.25881904510252113 133.18750000000003 -174.68749999999997 60.729166666666679 0.91597561503675362 0.60355339059327384 72.479166666666671 21.562500000000004 0.37940952255126048 162.56250000000003 0.78656609248549303 -0.37940952255126015 -0.5 -172.68749999999997 0.98296291314453421 94.020833333333357 -39.187499999999993 7.854166666666667 70.520833333333357 -35.270833333333321 154.72916666666671 1.0000000180025095e-35 -0.9159756150367534 -1.0000000180025095e-35 -0.37940952255126015 203.14583333333334 0.91597561503675351 0.78656609248549303 -19.604166666666661 39.187500000000007 195.47916666666671 -0.60355339059327384 3.9375000000000004 -52.895833333333321
decision_type=2 2 2 2 2 2 2 2 2 2 2 2 2 2 2 2 2 2 2 2 2 2 2 2 2 2 2 2 2 2 2 2 2 2 2 2 2 2 2 2 2 2 2 2 2 2 2 2 2 2 2 2 2 2 2 2
left_child=1 2 4 28 34 7 -6 22 9 10 -9 15 13 48 -14 49 24 19 -19 20 21 -18 -2 -10 -5 27 37 -8 29 38 31 -30 50 -26 35 -1 -29 -27 44 41 -41 43 -42 -7 -3 -32 -25 -48 -13 -4 -12 -15 54 -54 55 -37
right_child=5 3 11 16 6 39 25 8 23 -11 32 12 14 51 -16 -17 17 18 -20 -21 -22 -23 -24 46 33 26 -28 36 30 -31 45 -33 -34 -35 -36 52 -38 -39 -40 40 42 -43 -44 -45 -46 -47 47 -49 -50 -51 -52 -53 53 -55 -56 -57
leaf_value=-0.0012171295360139946 0.00050424794413131597 0.00096543678140397025 0.0011464425821039444 0.001445858906058164 -0.00060119118591891118 0.00089349406361214202 -0.00023747360169846648 0.0017340036163278093 -0.00012983366081309016 0.002893100363820214 0.00011199004709667165 0.00043587042120955594 6.238469526989306e-06 0.00098332724630025752 -0.0004781279779310094 -0.00030874420923265752 0.001148553175406145 -0.00043018840774219008 0.0015684579350847636 0.0023357781510812948 0.00035946888847701542 0.0026289787151421956 -0.00059688656065048213 0.00032295456189610134 -0.00024239464755995674 -0.00060561022517541057 -0.00049853198677775096 0.00091446052448366046 -0.00026572676486747419 0.0013637910303498028 -0.00078810512609196065 0.00070414101060148348 -0.00050035167271308598 0.00068296305488865642 -0.00082398141241826794 -0.0003626855599923773 -0.00014098355204090161 0.00015123057028297536 -0.00032788166027753076 0.0028009889446547202 0.00070228184193945849 0.00011251473147379602 0.0016042582662480151 0.0017449794664176179 0.0002027978513811295 0.00016690857320736884 0.0015055421252970242 0.00054398005373491388 -0.00050003628065525591 2.5681334010694557e-05 0.0010892661465314046 0.0017767178548349627 -0.00022520517913035375 -0.001015099856187381 -0.00025960943278971103 -0.0010846975857286304
leaf_weight=20.717813596129417 29.731961831450462 13.644197955727575 9.3666387200355548 10.002293705940245 153.80231469869614 17.750301599502563 17.497168868780136 10.214425846934317 20.945954501628876 19.458574652671814 11.403148874640463 24.438110634684563 228.89799129962921 18.963531076908112 89.026605829596519 274.46334268152714 15.303307607769968 10.576295495033266 9.9975952357053739 12.276541158556936 16.503444910049438 9.2098239213228208 14.428218588232992 23.414057314395905 15.878157168626784 15.65559485554695 55.930924966931343 26.891467496752739 18.705264210700989 18.569525614380836 21.545460671186451 24.222803965210915 9.1595959961414319 24.43525305390358 182.56957957148552 59.343092054128647 9.3673207163810712 95.866275936365128 19.542802199721336 12.885300070047377 18.160482406616211 9.3799493014812452 30.022677019238472 20.014407128095627 50.463839948177338 9.7673431038856489 15.101878359913824 17.306558787822723 9.1583384871482831 9.1612071096897107 13.034727171063425 17.749570608139038 11.579757213592528 32.502263203263283 98.203433260321617 28.230954274535179
leaf_count=102 146 67 46 49 757 87 86 50 103 95 56 120 1125 93 438 1350 75 52 49 60 81 45 71 115 78 77 275 132 92 91 106 119 45 120 899 292 46 471 96 63 89 46 147 98 248 48 74 85 45 45 64 87 57 160 483 139
internal_value=-6.11904e-06 -0.000161933 -0.000297945 0.000511865 -0.000476524 0.000947712 -0.000256568 0.000696383 0.000870422 0.00134185 0.000652886 -8.60917e-05 3.89392e-05 0.000800114 -0.000129396 -0.000251767 0.000924681 0.00118494 0.000541026 0.00143352 0.00116347 0.00170476 0.00014448 0.000481879 0.000542604 -1.69577e-05 -0.000136556 0.000355597 0.00022135 0.000414045 -4.39657e-05 0.000281536 0.0003242 0.000318494 -0.000666957 -0.00055255 0.000641791 4.49842e-05 0.000203212 0.00137552 0.00158854 0.00109959 0.0012643 0.00134476 0.000365111 -0.00049021 0.000711409 0.000992055 0.000180744 0.000592275 0.000633252 0.00136691 -0.00049265 -0.000807605 -0.000417916 -0.000595438
internal_weight=2082.44 1790.03 1489.38 300.644 808.158 292.412 375.011 184.199 140.039 63.2705 43.8119 681.225 388.234 70.3096 317.925 292.991 124.183 73.867 20.5739 53.2931 41.0166 24.5131 44.1602 76.7684 50.3157 221.209 167.453 53.756 176.461 102.22 74.2409 42.9281 33.5975 40.3134 433.147 250.577 36.2588 111.522 83.6508 108.213 61.0685 47.1447 48.1832 37.7647 64.108 31.3128 55.8225 32.4084 33.5964 18.5278 24.4379 36.7131 229.86 44.082 185.777 87.574
internal_count=10235 8801 7325 1476 3976 1434 1844 904 687 310 215 3349 1908 345 1563 1441 609 362 101 261 201 120 217 377 247 1087 823 264 867 502 365 211 165 198 2132 1233 178 548 411 530 299 231 236 185 315 154 274 159 165 91 120 180 1131 217 914 431
is_linear=0
shrinkage=0.0012057


Tree=8
num_leaves=57
num_cat=0
split_feature=22 23 8 8 15 15 15 8 8 8 8 8 15 8 8 8 8 8 8 8 15 8 15 8 8 15 15 8 8 8 8 8 8 8 8 8 8 15 15 15 8 8 8 8 8 15 15 8 15 8 8 15 8 8 8 8
split_gain=212.315 112.572 27.3637 29.2987 24.7253 21.5476 15.1334 12.65 12.1325 17.5826 46.3078 10.6713 9.31868 11.4059 8.46444 8.10285 14.0781 8.89222 12.2328 8.62728 8.08258 7.3934 7.12867 7.12328 6.98263 6.30971 6.24008 6.18935 14.0342 5.74357 8.33059 5.5375 4.93532 4.35722 16.4352 7.82073 6.30787 4.28391 4.24563 4.21361 4.04268 3.6727 5.07414 7.01537 6.12004 5.41232 6.60177 4.67471 4.15351 4.14061 9.10535 3.98042 3.62182 3.57802 4.65123 3.52538
threshold=1.0000000180025095e-35 1.0000000180025095e-35 1.0000000180025095e-35 52.895833333333336 0.25881904510252091 0.37940952255126054 0.25881904510252091 29.395833333333339 -90.104166666666643 76.395833333333357 27.437500000000004 -62.687499999999993 -0.5 203.14583333333334 -19.604166666666661 197.39583333333334 239.56250000000003 148.85416666666671 78.354166666666671 43.104166666666679 -0.25881904510252113 133.18750000000003 0.60355339059327384 251.06250000000003 -174.68749999999997 -0.98296291314453399 -1.0000000180025095e-35 72.479166666666671 21.562500000000004 95.979166666666671 150.81250000000003 109.68750000000001 -39.187499999999993 7.854166666666667 70.520833333333357 -35.270833333333321 154.72916666666671 -0.9159756150367534 0.78656609248549325 -0.5 62.687500000000007 -200.68749999999997 -119.47916666666664 -50.937499999999993 -43.104166666666664 -0.98296291314453399 0.12940952255126045 -94.020833333333329 -0.70710678118654735 -84.229166666666643 -105.77083333333333 1.0000000180025095e-35 268.31250000000006 -137.10416666666666 -168.68749999999997 -174.68749999999997
decision_type=2 2 2 2 2 2 2 2 2 2 2 2 2 2 2 2 2 2 2 2 2 2 2 2 2 2 2 2 2 2 2 2 2 2 2 2 2 2 2 2 2 2 2 2 2 2 2 2 2 2 2 2 2 2 2 2
left_child=1 2 41 7 27 8 12 22 20 10 11 -10 13 25 24 17 -17 18 19 -16 55 -11 -4 -15 -6 -5 39 28 32 -27 -31 40 37 35 -35 38 -36 -3 -7 -9 -8 51 53 45 -45 -44 47 -47 -49 50 -48 -1 -25 54 -43 -2
right_child=5 4 3 6 14 33 31 26 9 21 -12 -13 -14 23 15 16 -18 -19 -20 -21 -22 -23 -24 52 -26 29 -28 -29 -30 30 -32 -33 -34 34 36 -37 -38 -39 -40 -41 -42 42 43 44 -46 46 49 48 -50 -51 -52 -53 -54 -55 -56 -57
leaf_value=0.00023375616143606068 0.0011351038796231256 0.00096387189611026091 -0.00020292232024066709 -0.00070408583667426168 0.0014432215849215421 0.0017804656723128425 0.00023147798624868678 0.00058919394970405976 0.0017306294915060672 -0.00012968441123971874 0.0028860635192754767 0.00032376403558804107 -0.00062291007303798848 -0.0009306684942311386 0.0011466035801023643 -0.00042974963425922397 0.0015655137742670707 0.0023306422867506353 0.00035897993900175829 0.0026228728332722468 -0.00059632095778611182 0.00071033384062403908 0.00054305118964575517 0.00017749692280610006 0.00031806670588132533 0.00041196912437131743 0.001042347478722815 -4.3913667408529976e-05 0.001361350640838526 -0.00049217293629265357 0.00021678313096691392 4.5950650033269818e-05 -0.00032753267417497383 0.0027942742346104264 0.00070122389245701763 0.00011237367599875056 0.0016012247296381991 0.00020253560381178396 0.00096953491022110441 -0.0004138480789875451 -0.00048085700979704692 -0.00074482980334574336 0.00065786540768930407 -0.0011749912985337442 -0.00050884192301459455 -0.0008674665823522425 0.00033713823244460996 4.3680889339102404e-05 -0.00058867155359782646 0.00018466907760234395 -0.00074212384431747251 -0.00052272307416266559 -0.00066275909002238773 -0.00090674945997744805 -0.0003644822657927183 0.00023066877734890699
leaf_weight=20.745348855853081 8.9718734771013242 13.649868860840796 62.66187047958374 19.707198232412338 10.00848603248596 17.372616603970528 14.462981119751928 21.193870186805729 10.221996143460272 20.944779947400093 19.48248565196991 33.602156981825829 174.06752307713032 46.50580507516861 15.310841321945192 10.574330762028696 10.004316225647925 12.288752153515814 16.505996540188789 9.2201275676488859 14.424492478370665 55.839547753334045 26.497390747070312 17.488200753927234 40.318937480449677 39.678942367434502 37.108182668685913 74.239434257149696 18.580377995967865 47.565371707081795 48.828706800937653 215.9404541105032 19.540040552616119 12.90068097412586 18.165949091315269 9.3804025501012784 30.043275460600853 50.468254461884499 20.413828626275063 8.5421465486288053 58.140627712011337 97.700906649231911 8.7497731447219831 23.759283244609833 128.38031139969826 36.970055282115936 18.49728935956955 25.823150277137756 36.363056376576424 44.525535121560097 29.466202229261398 19.726113677024841 13.001330986618994 57.485980272293091 89.607314929366112 20.766543284058574
leaf_count=102 44 67 308 97 49 85 71 104 50 103 95 165 857 229 75 52 49 60 81 45 71 274 130 86 198 195 182 365 91 234 240 1061 96 63 89 46 147 248 100 42 286 481 43 117 632 182 91 127 179 219 145 97 64 283 441 102
internal_value=-6.11185e-06 -0.00016175 -0.000297624 -0.000156166 0.000511136 0.000946186 -0.000262104 0.000316055 0.000695336 0.000869049 0.00133947 0.000651916 -0.000411895 -0.0002541 0.000923201 0.00118291 0.000540248 0.00143092 0.00116149 0.00170147 0.000144297 0.000481199 1.87748e-05 -0.000633728 0.000541823 -6.64668e-05 0.000712579 0.000221062 0.000413472 2.58784e-05 -0.000133049 -5.08999e-05 0.000202949 0.00137305 0.00158554 0.00109775 0.00126209 0.000364614 0.00134237 0.000301054 -0.000338957 -0.000486455 -0.000510271 -0.00041767 -0.000612873 -0.000269473 -0.000311811 -0.000527936 -0.000326084 -8.01061e-05 -0.000325903 -0.000134958 -0.000180805 -0.000643627 -0.000562873 0.000503531
internal_weight=2082.43 1789.9 1489.19 851.391 300.71 292.531 695.387 156.003 184.254 140.091 63.3066 43.8242 406.843 232.776 124.232 73.9044 20.5786 53.3257 41.037 24.531 44.1629 76.7843 89.1593 76.9953 50.3274 155.78 66.8442 176.478 102.239 136.073 96.3941 288.544 83.6582 108.277 61.1099 47.1668 48.2092 64.1181 37.7864 29.736 72.6036 637.8 597.329 352.535 152.14 200.395 191.645 99.1563 62.1862 92.489 47.9635 40.4715 30.4895 244.794 187.308 29.7384
internal_count=10235 8801 7325 4186 1476 1434 3420 766 904 687 310 215 2002 1145 609 362 101 261 201 120 217 377 438 379 247 766 328 867 502 669 474 1418 411 530 299 231 236 315 185 146 357 3139 2940 1735 749 986 943 488 306 455 236 199 150 1205 922 146
is_linear=0
shrinkage=0.0012057


Tree=9
num_leaves=57
num_cat=0
split_feature=23 8 8 15 15 16 16 8 8 8 8 8 8 8 8 8 17 18 8 16 8 8 8 8 16 8 8 8 16 8 15 16 8 8 8 8 15 15 16 8 8 8 15 17 18 16 15 15 15 8 21 16 15 8 8 21
split_gain=64.5167 39.2089 67.1897 24.6483 23.67 23.6035 21.2582 11.8254 11.347 9.30364 8.43454 8.07247 14.0341 8.85229 12.1865 8.58659 6.98857 10.1007 8.89934 13.741 10.3295 6.95894 6.79417 19.9576 6.7776 6.55751 6.17286 13.9885 7.40112 6.81113 5.72226 5.65274 5.52341 9.38115 8.15816 10.713 5.78129 5.45871 9.75548 5.45326 5.02764 4.92292 4.72159 4.45327 5.95481 7.52884 4.27077 4.20843 4.20617 4.15207 4.02223 3.81913 3.76845 3.6503 6.23815 3.73626
threshold=1.0000000180025095e-35 5.8958333333333348 72.479166666666671 0.25881904510252091 0.25881904510252091 -0.70710678118654757 -0.12940952255126037 -200.68749999999997 154.72916666666671 166.47916666666671 -19.604166666666661 197.39583333333334 239.56250000000003 148.85416666666671 78.354166666666671 43.104166666666679 1.0000000180025095e-35 1.0000000180025095e-35 19.604166666666668 0.25881904510252057 54.854166666666679 -174.68749999999997 -50.937499999999993 -95.979166666666643 -0.78656609248549325 29.395833333333339 72.479166666666671 21.562500000000004 0.37940952255126048 162.56250000000003 -1.0000000180025095e-35 -0.37940952255126015 203.14583333333334 148.85416666666671 251.06250000000003 270.22916666666669 -0.70710678118654735 -0.37940952255126059 0.1294095225512602 -43.104166666666664 -90.104166666666643 -39.187499999999993 0.12940952255126045 1.0000000180025095e-35 1.0000000180025095e-35 0.78656609248549303 -0.9159756150367534 -1.0000000180025095e-35 1.0000000180025095e-35 11.770833333333334 1.0000000180025095e-35 0.60355339059327384 0.37940952255126054 -107.72916666666664 -119.47916666666664 1.0000000180025095e-35
decision_type=2 2 2 2 2 2 2 2 2 2 2 2 2 2 2 2 2 2 2 2 2 2 2 2 2 2 2 2 2 2 2 2 2 2 2 2 2 2 2 2 2 2 2 2 2 2 2 2 2 2 2 2 2 2 2 2
left_child=1 6 5 26 24 25 40 -8 -6 -10 21 13 -13 14 15 -12 17 18 49 -20 -21 -5 23 43 -4 -3 27 41 29 -28 -22 -23 33 42 -34 36 -36 38 -35 -24 53 46 -26 44 45 -9 -2 -30 -27 -7 -11 -45 -46 54 55 -1
right_child=3 2 4 10 8 16 7 22 9 50 11 12 -14 -15 -16 -17 -18 -19 19 20 30 31 39 -25 32 48 28 -29 47 -31 -32 -33 34 37 35 -37 -38 -39 -40 -41 -42 -43 -44 51 52 -47 -48 -49 -50 -51 -52 -53 -54 -55 -56 -57
leaf_value=-0.00056654390606029675 0.00096231059573898751 -0.00057956214290002031 -0.0005802316209652296 0.001440591944316874 -0.00014105543383351855 0.0010731964266512285 0.00066387706449243841 0.0001468967415513029 0.00116775930941323 0.00032245961120001024 0.0011446588588461535 -0.00042931123308519414 0.0015625786641075153 0.0023255280085139381 0.00035849176463669338 0.0026167953081338985 0.00030061199825057763 0.00030019277464896755 0.00074875910735905491 0.0020503070357165108 0.0016657391485788283 -0.00024247798781665459 -0.0011058894706203501 0.00042981043247949425 -0.000233880268313799 -0.00011795302876126017 -0.00026538897144962796 0.0013589170665763513 -0.00078738546722441794 0.00070314482570057242 0.00035811501416694273 0.0006814621279937151 -0.00065510390044441898 -9.7769239652173044e-05 -8.0400287920988621e-05 -0.00074597327067637545 0.0009490528648314039 -0.00028860159385193002 0.00083016152969836595 -0.00031513192719267552 -0.0003483243417153921 -0.00032718398019615248 -0.001047148327767836 -0.0010892501869119156 -0.00097085848254375886 -0.00043377630159571301 0.00020227372372107663 0.00016675142861333835 0.00066757900484674124 3.91266560337636e-05 -0.00017141824089848432 -0.00029404421683534675 -0.00012734481085146016 -0.0010187600820006054 9.7237237800615629e-05 -0.0010830330875155701
leaf_weight=129.60701337456703 13.655527651309965 20.742062225937843 92.992939248681068 10.014662429690359 125.7524930536747 9.173835441470148 26.682849213480949 83.612440630793571 17.320587351918221 145.87103237211704 15.318357571959497 10.572367742657663 10.011019274592398 12.300920888781546 16.508543893694878 9.2303926199674589 29.131881967186928 28.527293592691422 43.051545992493629 35.142918631434441 8.9856455922126788 15.878674656152723 14.626924335956572 83.240781664848328 118.10174743831158 20.768171355128288 18.702761441469193 18.591202691197395 21.537708044052128 24.229695931077003 10.608663842082022 24.445785090327263 78.608897507190704 31.925267294049263 17.289804443717006 19.301089882850647 14.64967919886112 24.195962250232697 34.021748200058937 95.145802870392799 154.44515025615692 19.537281379103661 11.377408444881437 16.250729471445084 20.316976383328438 53.057262718677521 50.472662448883057 9.7678612619638425 18.951580658555031 14.673374667763708 28.686356723308563 19.09769207239151 12.39768350124359 30.872763305902481 18.285886570811272 24.155479565262794
leaf_count=638 67 102 458 49 618 45 131 411 85 716 75 52 49 60 81 45 143 140 211 172 44 78 72 409 581 102 92 91 106 119 52 120 387 157 85 95 72 119 167 468 760 96 56 80 100 261 248 48 93 72 141 94 61 152 90 119
internal_value=-6.10465e-06 -9.33016e-05 6.48595e-05 0.000510408 -0.00011068 0.000621367 -0.000295577 -0.000113141 0.000140441 0.000324927 0.000921724 0.00118089 0.000539472 0.00142832 0.00115951 0.00169819 0.000841051 0.000945897 0.00109733 0.00125838 0.00165921 0.000541044 -0.000165267 -6.79757e-05 -0.000290951 -3.00902e-05 0.000220775 0.0004129 -4.38615e-05 0.00028122 0.000957771 0.00031764 -0.000213975 -9.74231e-05 -0.000411106 -3.6785e-05 0.000391779 0.000201227 0.000380946 -0.000420498 -0.000512248 0.000202687 -0.000305343 -0.000270367 -0.000189134 -7.85294e-05 0.000364117 -0.000489679 0.00025685 0.000436925 0.000241297 -0.000659624 -0.000651197 -0.000637012 -0.00056851 -0.000647682
internal_weight=2082.42 1781.65 999.852 300.775 760.095 239.757 781.795 424.429 317.63 191.878 124.281 73.9416 20.5834 53.3582 41.0573 24.5488 179.295 150.163 121.636 97.7888 54.7372 50.3391 397.746 287.974 442.465 60.4618 176.495 102.257 74.238 42.9325 19.5943 40.3245 349.472 219.622 129.849 51.2406 31.9395 90.143 65.947 109.773 357.366 83.6655 129.479 204.733 169.384 136.67 64.1282 31.3056 39.7198 23.8472 174.557 35.3484 32.7147 202.921 172.048 153.762
internal_count=10235 8759 4913 1476 3737 1176 3846 2087 1560 942 609 362 101 261 201 120 879 736 596 479 268 247 1956 1416 2177 297 867 502 365 211 96 198 1719 1080 639 252 157 443 324 540 1759 411 637 1007 833 672 315 154 195 117 857 174 161 999 847 757
is_linear=0
shrinkage=0.0012057


Tree=10
num_leaves=57
num_cat=0
split_feature=15 23 23 16 21 21 18 19 20 19 18 20 15 21 18 20 19 16 16 16 16 15 15 16 15 16 15 15 15 15 15 15 15 16 15 15 15 15 16 15 15 15 15 15 15 15 16 16 15 15 16 16 16 15 16 16
split_gain=63.759 41.9977 24.6171 33.1381 15.988 12.8061 10.8595 15.7823 13.5663 7.41467 7.14157 7.91099 6.37907 6.42259 8.69748 11.8992 12.2309 6.15863 5.85161 6.75948 5.74861 5.4744 4.89272 4.93452 4.81179 3.56147 3.32727 3.20562 2.81607 2.64387 2.60773 2.47806 2.2813 2.15438 2.14183 2.02832 1.99934 1.94031 2.42415 1.93151 2.01733 1.89847 3.52855 1.84078 1.84075 1.67304 1.53612 3.28574 1.48601 1.4399 1.34629 1.29902 1.27068 1.26825 1.2654 2.89496
threshold=0.37940952255126054 1.0000000180025095e-35 1.0000000180025095e-35 -0.37940952255126015 1.0000000180025095e-35 1.0000000180025095e-35 1.0000000180025095e-35 1.0000000180025095e-35 1.0000000180025095e-35 1.0000000180025095e-35 1.0000000180025095e-35 1.0000000180025095e-35 0.25881904510252091 1.0000000180025095e-35 1.0000000180025095e-35 1.0000000180025095e-35 1.0000000180025095e-35 0.37940952255126048 0.37940952255126048 0.60355339059327384 -0.5 0.12940952255126045 0.91597561503675362 1.0000000180025095e-35 -1.0000000180025095e-35 -0.70710678118654757 -0.70710678118654735 0.78656609248549325 -0.9159756150367534 1.0000000180025095e-35 0.78656609248549325 0.78656609248549325 0.60355339059327384 1.0000000180025095e-35 -0.5 -0.70710678118654735 -0.25881904510252113 0.12940952255126045 0.1294095225512602 -0.37940952255126059 -0.78656609248549292 -0.78656609248549292 -1.0000000180025095e-35 0.78656609248549325 -0.60355339059327362 0.25881904510252091 0.37940952255126048 0.25881904510252057 0.60355339059327384 -0.60355339059327362 0.78656609248549303 0.78656609248549303 0.60355339059327384 -0.78656609248549292 -0.37940952255126015 0.25881904510252057
decision_type=2 2 2 2 2 2 2 2 2 2 2 2 2 2 2 2 2 2 2 2 2 2 2 2 2 2 2 2 2 2 2 2 2 2 2 2 2 2 2 2 2 2 2 2 2 2 2 2 2 2 2 2 2 2 2 2
left_child=2 4 3 12 6 9 7 8 30 10 11 39 13 14 15 16 29 35 31 -20 -9 -13 51 -24 53 -3 -16 50 -11 34 48 -6 -21 -32 -1 -4 -18 38 -12 40 -5 -7 49 -22 -30 -37 47 -45 -2 -43 -10 -8 -27 -19 -29 -56
right_child=1 25 17 5 18 41 22 20 27 28 37 21 -14 -15 26 -17 36 24 19 32 43 -23 23 -25 -26 52 -28 54 44 -31 33 -33 -34 -35 -36 45 -38 -39 -40 -41 -42 42 -44 46 -46 -47 -48 -49 -50 -51 -52 -53 -54 -55 55 -57
leaf_value=9.9908637530160004e-05 0.0006362829005741341 0.00037449520680368336 0.00061295435128390667 0.0001453673644057948 -0.0001279862337690448 0.00014275145816512264 2.6042771935726453e-05 -0.00056592032496817111 8.1515316919365691e-06 -0.00066748140708632259 -0.00059459148878746786 -0.00013547365568176167 -0.00014944928247984091 -0.00088481367580350704 -0.00029709768406450244 -0.00081723447012893872 -0.0004690177718008929 0.0001019726734586504 0.00085415059236738499 -0.00057233707169642876 0.00037150876352399657 -0.00099100608274916907 -0.001034671689794325 -0.00011657204629733403 0.00041141317651377556 0.0011265909865929942 -0.00099820285662609851 0.00066408158430491431 -3.972288157188011e-06 0.00035613450888643655 0.00033469989060100374 -0.00059443419600618017 0.00013869780687703011 0.00065842628412495212 -0.00025578748006970393 0.00018544103461522689 -0.00090879959092102995 -0.00077776597592754519 -0.00015693284913366102 5.4951722668599531e-06 0.0004442747289601129 0.00035227096759158451 0.00010055904374706536 -0.00010272989893164142 -0.00040060468207087844 0.00065836721030845596 -0.00040149832765879568 0.00062406812330737004 0.00093454766779365423 0.00084268667305840571 -0.00045942532530601104 0.00044491724292318425 0.00080599607735947875 -0.00033592673015046001 -6.788882771611273e-05 0.00051673957921753949
leaf_weight=48.639158710837364 46.702121332287788 12.859482064843176 49.299306899309158 100.77101631462574 24.801276743412018 50.828127905726433 62.037029206752777 24.80578288435936 37.035069391131401 37.992819920182228 24.375667288899422 100.44743955135345 74.636994183063507 63.529658749699593 12.184333831071852 62.730919063091278 37.764053732156754 12.820829421281813 12.821412935853003 13.014875143766403 24.625390231609344 12.192598924040793 13.008443996310232 24.611274629831314 25.869679614901543 74.523448973894119 51.145478710532188 11.805094152688978 25.831991627812386 25.414751693606377 50.118474900722504 49.809164598584175 13.22536501288414 74.021955847740173 49.813540011644363 50.277315810322762 24.960104748606682 11.987158849835394 75.020163908600807 74.893111333250999 48.679261639714241 13.022291794419287 25.003728494048119 36.601204708218575 49.805432423949242 13.875222772359846 12.212105572223662 12.009340479969977 50.583749696612358 26.241404101252556 11.805273652076719 13.022065147757528 23.68384051322937 38.447371363639832 24.614021643996239 24.6376583725214
leaf_count=239 229 63 242 495 122 250 305 122 182 187 120 494 367 313 60 309 186 63 63 64 121 60 64 121 127 365 252 58 127 125 246 245 65 363 245 247 123 59 369 368 239 64 123 180 245 68 60 59 248 129 58 64 116 189 121 121
internal_value=1.11375e-05 0.000284622 -0.000150442 -0.000218164 0.000170462 -4.95311e-05 0.00025494 0.000340193 0.000471682 -0.00012457 -5.48513e-05 3.26319e-05 -0.000471437 -0.000535321 -0.000464306 -0.000362955 -0.000210229 0.000250337 -0.000241446 0.000136626 -5.49467e-05 -0.00022808 -7.91551e-05 -0.00043404 -1.251e-05 0.000971149 -0.000863314 0.000125372 -0.000399668 9.4364e-06 0.000643561 -0.000439382 -0.000213968 0.00052773 -8.00609e-05 0.000429052 -0.000644022 -0.000319527 -0.000264264 0.000163532 0.000242728 0.000316874 0.000454585 9.33903e-05 -0.000265145 0.000287728 -1.92121e-05 7.68271e-05 0.000791366 0.000680034 -0.000104867 9.87137e-05 0.00104928 -0.00022642 0.000309544 0.000224566
internal_weight=2097.5 778.995 1318.5 1127.91 667.928 677.092 554.256 441.577 331.323 561.997 448.366 336.983 450.819 376.182 312.652 249.323 186.592 190.59 113.672 39.0617 110.254 112.64 112.679 37.6197 77.1379 111.067 63.3298 109.897 113.63 123.867 221.426 74.6104 26.2402 124.14 98.4527 113.452 62.7242 111.383 99.3958 224.343 149.45 115.096 64.2674 85.448 75.6374 64.1525 60.8227 48.6105 97.2859 39.2637 48.8403 75.0591 98.2073 51.2682 61.0568 49.2517
internal_count=10309 3825 6484 5548 3281 3329 2722 2168 1626 2763 2204 1656 2219 1852 1539 1227 918 936 559 192 542 554 554 185 379 544 312 540 559 609 1086 367 129 609 484 557 309 548 489 1102 734 566 316 420 372 315 299 239 477 193 240 369 481 252 300 242
is_linear=0
shrinkage=0.0012057


Tree=11
num_leaves=57
num_cat=0
split_feature=22 15 16 8 15 8 21 8 8 8 8 8 8 8 8 8 8 8 8 8 16 15 15 15 8 16 15 8 8 8 16 17 21 17 8 15 8 8 17 8 8 19 8 8 21 8 8 8 8 8 8 17 15 16 8 8
split_gain=203.927 43.8988 36.3874 31.1965 26.6964 20.3211 19.3544 10.9146 30.4023 13.3572 10.5136 9.50247 19.0728 44.3682 10.8729 9.37127 9.17354 11.5087 11.1683 11.8578 8.61987 7.58165 7.47427 7.42575 7.09958 7.07453 8.52743 6.82128 18.0368 8.23018 6.76769 6.31781 6.3152 6.17402 6.91695 5.54404 5.36872 5.33462 5.07629 4.75344 4.73966 4.71737 4.25284 4.24198 4.02009 3.98486 12.1627 4.16499 3.90196 3.89234 7.82865 6.47441 3.86454 3.34577 4.61488 6.27381
threshold=1.0000000180025095e-35 0.25881904510252091 -0.37940952255126015 7.854166666666667 0.37940952255126054 66.604166666666671 1.0000000180025095e-35 95.979166666666671 21.562500000000004 58.770833333333336 109.68750000000001 -90.104166666666643 78.354166666666671 27.437500000000004 -62.687499999999993 -117.52083333333333 191.64583333333334 154.72916666666671 252.97916666666671 262.56250000000006 1.0000000180025095e-35 -0.25881904510252113 -0.5 -0.9159756150367534 -192.68749999999997 -0.70710678118654757 0.98296291314453421 21.562500000000004 76.395833333333357 154.72916666666671 0.78656609248549303 1.0000000180025095e-35 1.0000000180025095e-35 1.0000000180025095e-35 166.47916666666671 -0.9159756150367534 -168.68749999999997 133.18750000000003 1.0000000180025095e-35 123.39583333333336 -19.604166666666661 1.0000000180025095e-35 74.437500000000014 183.97916666666671 1.0000000180025095e-35 5.8958333333333348 54.854166666666679 -50.937499999999993 129.27083333333334 -64.645833333333329 -80.312499999999986 1.0000000180025095e-35 -0.5 0.1294095225512602 203.14583333333334 214.64583333333334
decision_type=2 2 2 2 2 2 2 2 2 2 2 2 2 2 2 2 2 2 2 2 2 2 2 2 2 2 2 2 2 2 2 2 2 2 2 2 2 2 2 2 2 2 2 2 2 2 2 2 2 2 2 2 2 2 2 2
left_child=1 2 15 20 11 25 7 8 24 23 -7 21 13 14 -13 -1 17 32 -18 -20 41 35 44 -10 -4 -5 31 36 -29 -30 40 -27 48 34 -19 -2 -6 -14 42 -9 -16 -3 -11 -36 -17 47 -47 -8 -12 50 51 -22 -15 -41 -55 -56
right_child=4 3 6 5 27 10 45 39 9 38 16 12 37 52 30 22 18 33 19 -21 49 -23 -24 -25 -26 26 -28 28 29 -31 -32 -33 -34 -35 43 -37 -38 -39 -40 53 -42 -43 -44 -45 -46 46 -48 -49 -50 -51 -52 -53 -54 54 55 -57
leaf_value=-0.00099373179071841227 -0.00020776825400871816 -0.00029407626614009135 0.00032286352316879269 0.00012928607361182895 0.0019299422034885236 -0.00027787872256350774 0.00027089649373297607 -0.00088586997462288344 0.00025267000613376193 0.00079929385264738506 0.00073485325284731496 0.0017267486108471658 -9.1341468778404094e-05 0.0033345938332673217 8.0303725404584552e-05 -0.00017905600397620167 -0.00017500123814359793 0.0018207518912884742 0.0014274696037896494 9.9202120282797126e-05 0.00015903566281737463 -0.00051072179720632559 -0.00066521879593206762 0.0013700348090475523 -0.00035616541551524811 0.0013086463557351023 -0.00011170869284715575 0.0029189557042782061 0.00065868462537742886 0.0017186648496774729 -0.00055067942164906158 0.00031877000846905528 -0.00059774195465898657 5.8836258283309722e-06 0.00046981901170460295 0.00090395408542848861 0.00090413092509331213 0.00060763519502760868 -0.00069527378621706687 -0.00067381241423582964 0.0011356708232841827 -0.00083352258741155891 -6.4929520869295762e-05 0.0014481203115936025 -0.00075983883385462856 0.0016314241691271372 0.00026979961726087288 -0.00051348866936531999 8.9648270024974934e-05 -0.00026325757949136421 0.0010326493525837153 -0.00064883584609133356 0.0022609600139580485 -6.7177114273242382e-05 -0.001423884404644489 -0.00035942166239322882
leaf_weight=71.843984201550484 9.7837526351213437 137.99256134033203 24.622877135872841 17.930894047021866 8.9935729503631574 63.449662908911705 37.007353901863098 30.263480260968208 12.434185549616812 14.065056771039961 23.414431482553482 10.230707287788389 21.95745587348938 10.067052498459818 11.607386469841002 100.99724005162716 94.22788342833519 14.086917385458944 15.095538347959517 27.696595311164856 82.40188430249691 15.434100717306135 180.24666582047939 28.382236674427986 246.15908662974834 52.288921639323235 9.180801108479498 13.331105723977087 16.949843376874924 28.643887907266617 9.5663247108459455 11.42025615274906 12.20537632703781 8.5534947514533979 19.568543508648876 19.553718850016597 42.3026152998209 57.28092922270298 9.7584520280361158 40.627603888511658 13.245048120617868 28.419078439474106 20.116917684674263 9.6061680018901807 20.913040086627007 11.625632956624029 53.072637975215912 13.405671402812002 32.593715220689774 54.305252805352211 12.420459762215613 17.480110540986061 9.4476265013217908 71.585778638720512 9.3383157253265363 58.304571732878685
leaf_count=354 48 679 121 88 44 312 182 149 61 69 115 50 108 49 57 497 463 69 74 136 405 76 888 139 1211 256 45 65 83 140 47 56 60 42 96 96 207 281 48 200 65 140 99 47 103 57 261 66 160 267 61 86 46 352 46 287
internal_value=1.1124e-05 -0.000141982 -0.000300195 8.22155e-05 0.000934244 0.000304317 -0.000134209 -0.000225918 -9.71652e-05 0.000533025 0.000161657 0.000658236 0.000809627 0.00129827 0.000635439 -0.00060233 0.000270152 0.000513512 5.69697e-05 0.000567768 -0.000192107 0.000173333 -0.000509266 0.00102964 -0.00029442 0.000807752 0.000974655 0.00140546 0.00168531 0.00132461 0.000311056 0.00113121 0.000188122 0.000941881 0.00112694 0.000533206 0.00108398 0.000413944 7.17138e-05 -0.000443778 0.000642759 -0.000386201 0.000290678 0.000791938 -0.000278686 0.000316449 0.00051447 6.23153e-05 0.000359379 1.75758e-06 0.000129909 1.7652e-05 0.00281482 -0.000369389 -0.000280557 -0.000506374
internal_weight=2097.5 1799.11 1054.77 744.339 298.395 411.319 680.77 565.659 355.539 84.7568 320.498 188.174 143.403 64.1641 44.6495 374.001 257.049 120.029 137.02 42.7921 333.019 44.7716 302.157 40.8164 270.782 90.8209 72.89 110.221 58.9248 45.5937 34.4188 63.7092 68.2135 51.8151 43.2616 29.3375 51.2962 79.2384 43.9404 210.12 24.8524 166.412 34.182 29.1747 121.91 115.111 64.6983 50.413 56.0081 166.608 112.302 99.882 19.5147 179.856 139.229 67.6429
internal_count=10309 8847 5190 3657 1462 2019 3348 2782 1748 416 1574 923 703 314 219 1842 1262 589 673 210 1638 220 1488 200 1332 445 357 539 288 223 169 312 335 254 212 144 251 389 216 1034 122 819 168 143 600 566 318 248 275 819 552 491 95 885 685 333
is_linear=0
shrinkage=0.0012057


Tree=12
num_leaves=57
num_cat=0
split_feature=15 23 23 16 21 17 19 20 21 19 17 15 20 15 21 20 16 16 16 16 15 17 19 16 15 15 16 15 15 15 15 15 15 20 15 15 15 15 15 15 15 15 15 16 16 15 15 15 15 16 16 15 16 16 15 16
split_gain=63.4427 41.8769 24.5834 33.0168 15.9255 12.9052 16.26 14.1653 12.7469 7.39025 9.86497 13.4859 6.99192 6.35479 6.40054 6.70357 6.15246 5.83502 6.74009 5.72844 5.72523 5.54363 8.74608 5.21632 6.17487 4.80032 3.54558 3.19715 2.80866 2.47456 2.41857 2.40114 2.27625 2.06788 2.0554 2.37567 2.0195 1.99456 1.89262 3.51725 1.83686 1.83359 1.66234 1.53426 3.27316 1.52217 1.50514 1.47147 1.43523 1.34453 1.26708 1.26573 1.262 2.88493 1.6634 1.19373
threshold=0.37940952255126054 1.0000000180025095e-35 1.0000000180025095e-35 -0.37940952255126015 1.0000000180025095e-35 1.0000000180025095e-35 1.0000000180025095e-35 1.0000000180025095e-35 1.0000000180025095e-35 1.0000000180025095e-35 1.0000000180025095e-35 -1.0000000180025095e-35 1.0000000180025095e-35 0.25881904510252091 1.0000000180025095e-35 1.0000000180025095e-35 0.37940952255126048 0.37940952255126048 0.60355339059327384 -0.5 0.78656609248549325 1.0000000180025095e-35 1.0000000180025095e-35 1.0000000180025095e-35 0.91597561503675362 -1.0000000180025095e-35 -0.70710678118654757 0.78656609248549325 -0.9159756150367534 0.78656609248549325 -0.9159756150367534 -1.0000000180025095e-35 0.60355339059327384 1.0000000180025095e-35 1.0000000180025095e-35 -0.70710678118654735 -0.70710678118654735 -0.25881904510252113 -0.78656609248549292 -1.0000000180025095e-35 -0.60355339059327362 0.78656609248549325 0.25881904510252091 0.37940952255126048 0.25881904510252057 -0.5 -0.98296291314453399 0.12940952255126045 -0.60355339059327362 0.78656609248549303 0.60355339059327384 -0.78656609248549292 -0.37940952255126015 0.25881904510252057 0.91597561503675362 0.60355339059327384
decision_type=2 2 2 2 2 2 2 2 2 2 2 2 2 2 2 2 2 2 2 2 2 2 2 2 2 2 2 2 2 2 2 2 2 2 2 2 2 2 2 2 2 2 2 2 2 2 2 2 2 2 2 2 2 2 2 2
left_child=2 4 3 13 5 6 7 20 9 10 11 12 30 14 15 21 36 29 -19 -8 55 22 34 24 -22 51 -3 49 -11 -6 -5 -12 -20 -13 35 -1 -4 -24 -10 48 -30 -21 -38 44 -43 -23 -14 -35 -40 -9 -28 -18 -29 -54 -55 -2
right_child=1 26 16 8 17 -7 19 27 38 28 31 33 46 -15 -16 -17 25 18 32 41 23 45 37 -25 -26 -27 50 52 40 -31 -32 -33 -34 47 -36 -37 42 -39 39 -41 -42 43 -44 -45 -46 -47 -48 -49 -50 -51 -52 -53 53 54 -56 -57
leaf_value=0.00015706458584622174 0.00073573509259827676 0.00037393088726855737 0.00061251066471849284 0.00015455415097233378 -0.00012777731855576099 -0.00011296373781562576 -0.00056516605162235394 7.9941620105044112e-06 0.00014218112135187515 -0.00066656835785708368 -0.00045353100154327529 -0.00026448302194229269 -0.00047755357950713772 -0.00014927424018819322 -0.00088346232301543363 -0.00081604812579962863 0.00010205253308166193 0.00085250404001978894 -0.00057195379618890868 0.00037059024963445245 0.0006025052429517525 -0.00046623433417457223 -0.00046808543757672131 0.00068568414992011321 -0.00024211172362144069 0.00041105492444648345 0.0011243104849814759 0.00066289363758876587 -3.7951917425512008e-06 -0.00059392649245331136 0.00044217206964721248 -2.3761817257054547e-05 0.00013829997509956838 -0.00039771057898019182 0.00020373007650440552 -0.00027640240135657864 0.00018600999593934082 -0.00090747053633886152 0.00035132301334577561 0.0001000486516866336 -0.00040003247581000477 -0.00010259816780186547 0.00065737906611327602 -0.00040139210149395255 0.00062270275219396124 -0.00085656672735709774 -3.3304822284133936e-05 -0.00099013480835290712 0.00084085137321669192 -0.0004592845003614978 0.00080425055836355033 -0.00033542754885251678 -6.7932157753020824e-05 0.00018370152371198562 0.00081121746132590102 0.0010005855058654672
leaf_weight=24.218774393200874 48.758188799023628 12.861745387315748 49.305701404809952 74.710579320788383 24.799315139651299 111.26178559660912 24.797336399555206 37.037117928266525 50.837989792227745 37.976426810026169 89.217513009905815 49.240290924906731 13.002814978361128 74.631963580846786 63.484336048364639 62.692999228835106 12.82046604156494 12.827190086245535 13.012616485357285 24.632516875863075 25.279617249965668 24.77938187122345 37.748818591237068 73.658519178628922 25.053681716322899 25.872540920972824 74.566486865282059 11.809135824441908 25.830331087112427 49.797605365514755 98.585136547684669 23.977467134594917 13.227150693535805 12.192745864391327 26.831615909934044 76.243738427758217 50.267722696065903 24.942355319857597 13.026207655668257 25.008130297064781 49.793457925319672 36.599374786019325 13.879161611199377 12.211555033922194 12.014126509428023 35.09083691239357 75.236213907599449 12.186666816473007 26.254639327526093 11.804550394415854 23.695231318473816 38.439518243074417 24.614398121833801 11.609195426106453 13.036675050854683 50.219660684466362
leaf_count=119 239 63 242 367 122 547 122 182 250 187 439 242 64 367 313 309 63 63 64 121 124 122 186 361 123 127 365 58 127 245 484 118 65 60 132 375 247 123 64 123 245 180 68 60 59 173 370 60 129 58 116 189 121 57 64 246
internal_value=1.11104e-05 0.000283863 -0.000150098 -0.000217782 0.000169864 0.000254155 0.00034633 0.000479249 -4.94721e-05 -0.000124351 -5.47527e-05 4.91842e-05 0.000177503 -0.00047065 -0.000534434 -0.000463541 0.000250409 -0.000241264 0.000136226 -5.49768e-05 0.000653874 -0.00037509 -0.000274273 0.000481256 0.000182092 -1.23201e-05 0.000969212 0.000124999 -0.000399039 -0.000438958 0.000318175 -0.000362495 -0.000213923 -0.000406669 -9.27272e-05 -0.000171905 0.000429029 -0.0006429 0.000316024 0.000453494 -0.000264692 9.30655e-05 0.000287998 -1.93246e-05 7.66495e-05 -0.000695014 -9.87689e-05 -0.000693849 0.000678515 -0.000104942 0.00104713 -0.000226011 0.000308899 0.000224036 0.000515632 0.000870116
internal_weight=2097.51 779.185 1318.33 1127.74 668.061 554.397 443.136 332.881 677.077 561.95 448.349 335.154 261.535 450.665 376.033 312.549 190.585 113.664 39.067 110.255 222.97 249.856 189.985 123.992 50.3333 77.1325 111.123 109.911 113.6 74.5969 173.296 113.195 26.2398 73.6197 127.294 100.463 113.453 62.6912 115.127 64.289 75.6238 85.4576 64.1469 60.8251 48.6135 59.8702 88.239 24.3794 39.2808 48.8417 98.2617 51.26 61.0694 49.2603 24.6459 98.9778
internal_count=10309 3825 6484 5548 3281 2722 2175 1633 3329 2763 2204 1647 1285 2219 1852 1539 936 559 192 542 1093 1230 935 608 247 379 544 540 559 367 851 557 129 362 626 494 557 309 566 316 372 420 315 299 239 295 434 120 193 240 481 252 300 242 121 485
is_linear=0
shrinkage=0.0012057


Tree=13
num_leaves=57
num_cat=0
split_feature=22 15 16 8 15 8 8 8 8 8 8 8 8 8 8 15 8 8 8 8 16 8 15 15 16 15 8 8 8 16 17 17 8 15 8 8 17 8 19 8 8 8 8 16 8 8 8 15 8 8 17 15 8 8 8 16
split_gain=203.199 43.6945 36.2493 31.1172 26.526 20.259 10.4872 9.47257 19.0059 44.1709 10.8345 9.35885 9.35643 38.3003 17.7287 9.72369 9.14711 11.4696 11.1386 11.8154 8.59021 8.07889 7.55699 7.45701 7.04618 8.49745 6.79026 17.9424 8.1955 6.75049 6.28577 6.14655 6.8872 5.52695 5.34568 5.31969 5.28028 4.7246 4.70069 4.29434 4.24546 4.48705 4.2242 4.03595 4.04605 9.23143 7.28545 4.00058 3.88269 7.805 6.45029 3.83665 3.61001 3.42309 3.33089 2.93707
threshold=1.0000000180025095e-35 0.25881904510252091 -0.37940952255126015 7.854166666666667 0.37940952255126054 66.604166666666671 109.68750000000001 -90.104166666666643 78.354166666666671 27.437500000000004 -62.687499999999993 -117.52083333333333 95.979166666666671 19.604166666666668 58.770833333333336 -0.9159756150367534 191.64583333333334 154.72916666666671 252.97916666666671 262.56250000000006 1.0000000180025095e-35 -192.68749999999997 -0.25881904510252113 -0.5 -0.70710678118654757 0.98296291314453421 21.562500000000004 76.395833333333357 154.72916666666671 0.78656609248549303 1.0000000180025095e-35 1.0000000180025095e-35 166.47916666666671 -0.9159756150367534 -168.68749999999997 133.18750000000003 1.0000000180025095e-35 -19.604166666666661 1.0000000180025095e-35 123.39583333333336 74.437500000000014 84.229166666666671 183.97916666666671 0.1294095225512602 203.14583333333334 249.14583333333334 272.14583333333343 -0.37940952255126059 -64.645833333333329 -80.312499999999986 1.0000000180025095e-35 -0.5 150.81250000000003 214.64583333333334 74.437500000000014 0.60355339059327384
decision_type=2 2 2 2 2 2 2 2 2 2 2 2 2 2 2 2 2 2 2 2 2 2 2 2 2 2 2 2 2 2 2 2 2 2 2 2 2 2 2 2 2 2 2 2 2 2 2 2 2 2 2 2 2 2 2 2
left_child=1 2 11 20 7 24 54 22 9 10 -9 -1 13 21 15 -15 17 -8 -18 -20 38 -4 33 -13 -5 30 34 -28 -29 37 -26 32 -19 -2 -6 -10 40 -12 -3 -14 -16 -42 -34 -41 47 53 -47 52 49 50 -22 -11 -45 -46 -7 -56
right_child=4 3 12 5 26 6 16 8 35 51 29 23 39 14 36 -17 18 31 19 -21 48 -23 -24 -25 25 -27 27 28 -30 -31 -32 -33 42 -35 -36 -37 -38 -39 -40 43 41 -43 -44 44 45 46 -48 -49 -50 -51 -52 -53 -54 -55 55 -57
leaf_value=-0.00099258634754286856 -0.00020770890227790473 -0.00029395797000345301 0.00037190861296425179 0.00012907774525729024 0.0019247479414509076 0.00028785526738932932 0.000187657312154007 0.001723297039170622 -9.1321060303111492e-05 0.0033253442364402264 8.011506749994132e-05 -0.00027795988153566997 -0.00069827687781707766 0.00033337733030416899 0.00074795363579720111 0.0014434889855739462 -0.00017502143623076422 0.001816491842272799 0.0014244391091371791 9.8880950550470477e-05 0.00015832700542931955 -0.0002921131083669242 -0.0005100789737707799 -0.00066411980988424204 0.0013057588270013844 -0.00011179052418136238 0.0029101802156269751 0.0006567152902197819 0.0017140735425844177 -0.0005502396145310182 0.00031849371001185908 6.0171826490391022e-06 0.00046883965636351261 0.00090222031072840049 0.00090166059166050323 0.00060665082604700589 -0.00069433094980378689 0.001133659245570133 -0.00083256234136045088 -0.00055993428862466616 -0.0005345647210954716 0.00049141409911767275 0.0014447850127650157 -0.0002016826938258909 -0.0012647094572360708 0.00047111757412823091 -0.00077941247952960152 -0.00029276774304152451 -0.00026330669830537906 0.0010304543684779286 -0.00064813101636033705 0.0022562333072954533 0.00047088516066826042 -0.0005135941813889293 -0.00026729877963271918 -0.00098585274503327743
leaf_weight=71.797823309898376 9.7835291773080808 137.98590634763241 29.308819517493248 17.932157814502716 9.0034027248620969 12.218923345208166 68.224092021584511 10.238458618521689 21.957288667559624 10.08210349082947 11.608145564794539 121.87490609288216 36.754210278391838 16.713229894638062 17.330986559391022 36.565023526549339 94.228586107492447 14.099852845072745 15.106325164437292 27.699644520878792 82.421605736017227 292.05330182611942 15.429734021425245 180.15288738906384 52.325479105114937 9.1810682415962201 13.3514147400856 16.959444165229797 28.672810167074203 9.5644503980874997 11.421265020966528 8.5530876219272596 19.574373215436939 19.562867566943172 42.330653011798859 57.297438204288483 9.7540594041347486 13.25181131064892 28.405057415366173 48.332558050751686 12.597490623593332 12.195967033505438 9.6136604249477369 17.894843116402626 11.566687300801275 24.612690597772598 9.3434128463268262 35.556510612368584 54.306272000074387 12.427572816610335 17.474351361393929 9.4563592970371229 32.988439723849297 37.147826835513115 40.861144363880157 10.367562696337698
leaf_count=354 48 679 144 88 44 60 335 50 108 49 57 600 181 82 85 179 463 69 74 136 405 1437 76 888 256 45 65 83 140 47 56 42 96 96 207 281 48 65 140 238 62 60 47 88 57 121 46 175 267 61 86 46 162 183 201 51
internal_value=1.10969e-05 -0.000141781 -0.000299658 8.18651e-05 0.000932291 0.000303648 0.000161201 0.000657158 0.000808267 0.00129587 0.000634402 -0.00060131 -0.000134002 -2.48759e-05 0.000606736 0.00109525 0.000269539 0.0005125 5.66644e-05 0.000566673 -0.000192121 -0.000231553 0.000173028 -0.000508296 0.000806189 0.000972684 0.00140174 0.0016808 0.0013211 0.000310544 0.00112887 0.000940003 0.00112455 0.000532191 0.0010811 0.00041328 0.00010504 0.000641716 -0.000385905 -0.000317105 0.000290137 -2.9883e-05 0.000790287 -0.000252675 -0.000164859 -0.000355559 0.00012702 1.75253e-05 1.38474e-06 0.000129358 1.72569e-05 0.00280791 0.000234354 -0.000691938 -0.0002778 -0.000412718
internal_weight=2097.52 1798.97 1054.54 744.428 298.55 411.407 320.547 188.232 143.456 64.2013 44.6629 373.826 680.716 426.519 105.157 53.2783 257.1 120.065 137.035 42.806 333.021 321.362 44.7761 302.028 90.86 72.9278 110.318 58.9837 45.6323 34.4244 63.7467 51.841 43.2879 29.3464 51.3341 79.2547 51.8785 24.86 166.391 254.197 42.1244 24.7935 29.188 217.443 169.11 82.6706 33.9561 86.4398 166.63 112.324 99.896 19.5385 50.8833 48.7145 63.4476 51.2287
internal_count=10309 8847 5190 3657 1462 2019 1574 923 703 314 219 1842 3348 2097 516 261 1262 589 673 210 1638 1581 220 1488 445 357 539 288 223 169 312 254 212 144 251 389 255 122 819 1251 207 122 143 1070 832 407 167 425 819 552 491 95 250 240 312 252
is_linear=0
shrinkage=0.0012057


Tree=14
num_leaves=57
num_cat=0
split_feature=15 8 8 16 21 8 8 19 17 18 8 17 21 18 17 19 17 19 21 16 8 8 8 8 8 8 8 8 18 18 19 15 8 8 8 8 8 17 18 8 16 8 8 8 8 8 15 8 19 18 8 8 8 8 15 8
split_gain=63.1288 35.1551 37.1822 23.9928 17.2326 14.0039 14.6255 13.2652 15.5988 19.1112 13.0643 11.3007 11.0317 14.3828 11.513 15.2445 10.384 10.9909 11.6448 9.35252 8.72518 8.4405 50.901 14.7397 10.7915 7.95586 7.83074 15.4756 7.29768 7.24928 7.62737 7.22614 7.10233 6.94034 9.26709 6.71565 6.92373 7.71884 6.21115 6.86369 5.92159 5.68739 8.56035 7.43651 5.67912 13.5086 5.5074 5.49727 5.40851 6.87475 5.17861 5.13076 5.06593 4.97932 4.70449 4.67401
threshold=0.37940952255126054 7.854166666666667 66.604166666666671 -0.37940952255126015 1.0000000180025095e-35 148.85416666666671 205.06250000000003 1.0000000180025095e-35 1.0000000180025095e-35 1.0000000180025095e-35 212.72916666666671 1.0000000180025095e-35 1.0000000180025095e-35 1.0000000180025095e-35 1.0000000180025095e-35 1.0000000180025095e-35 1.0000000180025095e-35 1.0000000180025095e-35 1.0000000180025095e-35 1.0000000180025095e-35 247.22916666666671 -1.9791666666666663 74.437500000000014 21.562500000000004 -50.937499999999993 -94.020833333333329 72.479166666666671 29.395833333333339 1.0000000180025095e-35 1.0000000180025095e-35 1.0000000180025095e-35 -0.60355339059327362 17.645833333333339 -90.104166666666643 -186.68749999999997 -58.770833333333321 -90.104166666666643 1.0000000180025095e-35 1.0000000180025095e-35 27.437500000000004 0.25881904510252057 92.062500000000014 80.312500000000014 135.14583333333334 252.97916666666671 260.64583333333343 -1.0000000180025095e-35 -74.437499999999986 1.0000000180025095e-35 1.0000000180025095e-35 -168.68749999999997 -186.68749999999997 241.47916666666671 -160.68749999999997 0.91597561503675362 -76.395833333333329
decision_type=2 2 2 2 2 2 2 2 2 2 2 2 2 2 2 2 2 2 2 2 2 2 2 2 2 2 2 2 2 2 2 2 2 2 2 2 2 2 2 2 2 2 2 2 2 2 2 2 2 2 2 2 2 2 2 2
left_child=3 19 16 12 5 28 11 8 9 21 -8 29 13 14 15 20 17 18 38 48 26 24 23 31 33 -11 27 -1 41 30 -7 -23 -17 34 -5 36 37 51 39 -3 -41 42 -4 -43 52 -46 50 -15 49 55 -36 -21 -12 -53 -6 -2
right_child=1 2 4 7 54 6 10 -9 -10 25 44 -13 -14 47 -16 32 -18 -19 -20 35 -22 22 -24 -25 -26 -27 -28 -29 -30 -31 -32 -33 -34 -35 46 -37 -38 -39 -40 40 -42 43 -44 -45 45 -47 -48 -49 -50 -51 -52 53 -54 -55 -56 -57
leaf_value=7.2435857674877878e-06 -0.00020335352824270961 0.001329938252468114 0.00039676183897828217 0.0007006722233828728 -7.4811548056621122e-05 0.001738771078200797 -0.00090426527965391961 -0.0003985115125204357 -0.00036188846533354328 -0.00090010007915293977 0.00047758153799920788 -7.6922535053574414e-06 -0.00077471692218496094 -0.0012800910875010907 -0.00061332744546512192 -0.00094993473194183921 0.00022840620878744708 0.0002814268092238755 0.00053887185714447238 0.00086403245024532695 0.00091667689210463209 0.0010760888049521258 5.3844815085195412e-05 0.0016273548123121849 -0.0004656250420661018 -0.00014030952523949223 -0.00028353877757105779 0.0011187561561816072 -0.00057230736694490066 0.00042000848640909414 0.00066118677261074797 -0.00029181649319404238 -0.00020420634600064813 0.00066728621602989504 -0.00071468320854704067 -0.00017205996292553571 0.00084762963034089236 -0.00060340059357602387 0.001029631682759636 0.0018330498456717828 0.0029446356854151224 0.00067512754705125843 -0.00098063164258143688 -0.00028675610533711782 0.0019072391633291102 0.00037202838677300056 -0.0006933348615964424 -0.00055518619820160849 -0.00077070116609400676 -0.00074720520392118541 0.00018357941989267354 -0.00036202493340918839 -0.00034478430756600527 0.00035521142832498282 -0.00086739651426764094 0.00030995166249017268
leaf_weight=108.3714837282896 67.555054694414139 15.159688562154768 14.469308808445932 25.259709000587463 32.957621306180954 37.257540091872215 10.796740233898161 113.57499331235886 113.16656918823719 26.197265103459358 37.893375366926193 12.217001661658285 75.840241804718971 21.080764144659042 72.234922602772713 34.660970240831375 14.477617561817167 12.244474604725836 14.07875221967697 19.37554444372654 16.685429781675339 12.222692504525186 189.37220132350922 48.315659135580063 45.53563229739666 85.163890272378922 80.930363491177559 21.88717944920063 19.522085160017014 12.02152433991432 12.83952286839485 10.383043870329855 39.982335716485977 35.861035108566284 11.189268365502356 57.386290371417999 28.542858153581619 15.639742344617842 12.863517731428145 15.383901908993723 12.733046665787695 47.482497677206993 11.99835793673992 15.497967794537542 12.065277069807051 26.928525164723396 19.49881274998188 54.586551204323769 22.51355217397213 21.92441388964653 56.151475369930267 19.135581195354462 15.2807470113039 53.164296388626099 16.256867825984955 41.710012018680573
leaf_count=533 332 74 71 124 162 182 53 559 557 129 186 60 374 104 356 171 71 60 69 95 82 60 931 236 224 419 398 107 96 59 63 51 197 176 55 282 140 77 63 75 62 233 59 76 59 132 96 269 111 108 276 94 75 261 80 205
internal_value=1.10833e-05 0.000283109 0.000512479 -0.000149755 0.000322429 0.00043573 0.000644792 -1.71486e-05 4.67055e-05 0.000128523 0.000350558 0.00105235 -0.000349295 -0.000277664 -0.000180851 -7.75843e-05 0.00117019 0.00133553 0.00151934 -2.77207e-06 7.73218e-05 0.000238358 0.000380133 0.00125138 4.76397e-05 -0.000319047 1.10068e-05 0.000194009 9.55754e-05 0.00126083 0.00146259 0.000447796 -0.000550489 0.0002056 5.79044e-05 0.000173775 0.000319855 0.000179481 0.00176522 0.00198387 0.00233644 0.000241341 -0.00022764 0.000438431 0.00049755 0.000847046 -0.000129063 -0.000757143 -0.000224737 -0.000131043 3.4325e-05 0.00031304 0.000241257 0.000165381 -0.000336624 -7.40833e-06
internal_weight=2097.53 779.373 432.426 1318.15 335.485 286.27 177.3 791.892 678.317 565.151 102.965 74.3356 526.26 450.42 374.753 302.518 96.941 82.4634 70.2189 346.947 227.874 453.79 260.294 70.9214 193.496 111.361 211.189 130.259 108.97 62.1186 50.0971 22.6057 74.6433 147.96 112.099 193.244 135.858 107.315 56.1402 43.2766 28.1169 89.4481 26.4677 62.9805 92.1679 38.9938 86.8396 75.6673 153.703 131.189 67.3407 91.6754 53.1741 72.2999 49.2145 109.265
internal_count=10309 3825 2120 6484 1646 1404 869 3893 3334 2777 505 364 2591 2217 1844 1488 474 403 343 1705 1120 2229 1278 347 951 548 1038 640 535 304 245 111 368 727 551 949 667 527 274 211 137 439 130 309 452 191 427 373 756 645 331 450 261 355 242 537
is_linear=0
shrinkage=0.0012057


Tree=15
num_leaves=57
num_cat=0
split_feature=22 16 8 8 8 8 8 8 8 8 8 8 8 8 8 8 8 16 8 8 16 16 16 16 18 16 16 8 16 16 8 8 8 8 8 16 8 8 16 8 8 8 19 8 8 8 18 8 16 8 8 8 19 8 16 16
split_gain=197.495 40.0282 26.1958 88.2625 14.6825 22.1065 21.6629 55.9544 28.0206 12.2575 11.0474 15.3862 10.9422 10.5286 9.37965 9.3416 11.558 9.69092 8.9672 12.0745 8.37531 9.67202 7.35741 7.3405 6.34385 5.77178 5.29667 5.6136 5.18831 6.5463 5.10876 5.05235 9.12366 4.39712 5.71002 4.36904 4.27907 5.7505 7.86432 8.48704 5.49 4.59567 4.47401 4.15172 5.15851 4.85884 4.02407 3.84482 3.83464 7.24738 4.62862 3.70306 3.44689 3.86388 3.25759 3.22775
threshold=1.0000000180025095e-35 -0.70710678118654757 -1.9791666666666663 72.479166666666671 -90.104166666666643 -182.68749999999997 76.395833333333357 27.437500000000004 -70.520833333333329 148.85416666666671 123.39583333333336 195.47916666666671 154.72916666666671 -200.68749999999997 21.562500000000004 29.395833333333339 52.895833333333336 0.91597561503675351 251.06250000000003 260.64583333333343 0.25881904510252057 -0.12940952255126037 0.1294095225512602 0.91597561503675351 1.0000000180025095e-35 1.0000000180025095e-35 0.1294095225512602 109.68750000000001 0.78656609248549303 0.25881904510252057 129.27083333333334 -174.68749999999997 -182.68749999999997 -111.64583333333333 -133.18749999999997 0.60355339059327384 -50.937499999999993 -94.020833333333329 -0.12940952255126037 -133.18749999999997 -88.145833333333329 -160.68749999999997 1.0000000180025095e-35 212.72916666666671 220.39583333333334 203.14583333333334 1.0000000180025095e-35 -194.68749999999997 -0.70710678118654757 197.39583333333334 176.27083333333334 56.812500000000007 1.0000000180025095e-35 -192.68749999999997 0.25881904510252057 0.25881904510252057
decision_type=2 2 2 2 2 2 2 2 2 2 2 2 2 2 2 2 2 2 2 2 2 2 2 2 2 2 2 2 2 2 2 2 2 2 2 2 2 2 2 2 2 2 2 2 2 2 2 2 2 2 2 2 2 2 2 2
left_child=1 14 13 15 5 -2 7 8 -6 35 26 12 30 22 46 17 20 -4 43 -20 21 -17 -3 -14 31 -21 27 -5 29 -10 -12 32 47 34 -7 -8 37 38 -33 41 -39 -40 -38 45 -45 -13 52 -15 -11 50 -50 -18 53 -1 -32 -26
right_child=4 2 3 10 6 33 9 -9 28 48 11 18 23 24 -16 16 51 -19 19 25 -22 -23 -24 -25 55 -27 -28 -29 -30 -31 54 36 -34 -35 -36 -37 42 40 39 -41 -42 -43 -44 44 -46 -47 -48 -49 49 -51 -52 -53 -54 -55 -56 -57
leaf_value=0.00012454035425120725 0.0015974955468705835 -0.0003146165946209917 0.00066119072950707126 -0.00037143227725718004 0.0026154623653719257 -4.4319275538246984e-05 8.5513701036777446e-06 0.0028635222875922454 0.00047271967649915018 0.00055927632186354617 0.00049138017462450304 -0.00030359213470577409 0.0005890087898557995 -0.0007079392018123008 -0.0002876692954781387 0.0013997937818176565 4.1231487312866003e-05 -0.00044792590369900702 0.00077912717061341978 -0.00074490832591845451 0.0017300622845761548 -6.6844631044245164e-05 0.00081774144316327396 -0.00023106454665864306 -0.00082437767104113786 5.599718102990435e-05 -0.0006263815528363794 0.00052879841832242458 -0.00011532515517590717 0.0015086889824942021 -0.00056171984029212833 -0.00061337149762461494 -0.0012028627298913607 -0.00056081596252204231 0.00093042063077026149 0.00082220419758473925 -0.00024112508105151014 0.000896462011394931 -0.00020008614302102214 -0.00035943868922781323 4.2294125269644557e-05 0.00047505021489271308 -0.00083987452171660883 0.00022280219803414789 -0.00043077290658271927 -0.0010938449452716319 -0.0010046273768558897 5.5950346215869441e-05 0.0012012325323229613 0.00086011960275182914 0.0023119804683230253 0.000775159879847588 -0.00089110266622836518 -0.0005420868861001518 -3.5065295590428264e-05 -0.00036718577092974069
leaf_weight=14.011843979358671 17.976043567061424 13.21183432638645 71.368885979056358 38.60641060769558 11.474777787923811 29.360047623515126 33.428691431879997 29.864624977111816 33.476691707968712 20.394464701414108 16.070389941334724 20.954896464943886 93.773698136210442 14.834675833582876 238.50256058573723 17.565803661942486 13.25467413663864 13.641134813427923 24.452276572585106 20.540244027972221 36.646807789802551 10.410520970821379 22.62699656188488 19.098789423704147 39.37266893684864 36.017228707671165 83.29976125061512 13.62280513346195 13.044751986861227 12.061985313892363 30.088644921779633 50.758954256772995 20.106309041380882 12.846382886171339 12.437487676739694 13.455238386988638 86.961352407932281 12.613234892487524 21.948264792561531 66.470835462212563 82.392840981483459 44.120491355657578 22.924546301364899 22.143684267997742 84.726206213235855 24.574598908424377 35.677291825413704 27.033066675066948 11.669987350702288 40.668004915118217 10.238695397973059 40.622726142406464 36.676213413476944 129.06897710263729 39.470956891775131 52.223048403859138
leaf_count=69 88 65 350 190 56 144 164 145 164 100 79 103 460 73 1174 86 65 67 120 101 179 51 111 94 194 177 410 67 64 59 148 250 99 63 61 66 428 62 108 327 405 217 113 109 417 121 176 133 57 199 50 199 181 636 194 257
internal_value=8.56879e-06 -0.000142703 -3.84586e-05 0.000106994 0.000910244 0.000437663 0.0010596 0.00148163 0.000892548 0.000734853 -0.000137319 -4.30811e-05 0.000203684 -0.000232602 -0.000452389 0.000788203 0.001007 0.000483216 -0.000252942 7.11976e-05 0.00135081 0.00085403 0.000400302 0.000450247 -0.00027447 -0.000234871 -0.000437644 -0.000136628 0.00055508 0.00074712 -0.000121322 -0.000215617 -0.000535299 5.61164e-05 0.000245729 0.000242062 -0.000164581 -8.50376e-05 -0.000209813 -5.52611e-05 0.000155696 0.000250768 -0.000366037 -0.000425242 -0.000295351 -0.000730132 -0.000634747 -0.000214713 0.00101331 0.00116129 0.00172032 0.000594602 -0.000561335 -0.000476804 -0.000262875 -0.000563711
internal_weight=2104.89 1802.49 1348.55 770.951 302.398 72.62 229.778 99.9228 70.0582 129.855 567.441 431.912 198.502 577.599 453.937 203.511 118.501 85.01 233.409 81.0097 64.6231 27.9763 35.8388 112.872 541.76 56.5575 135.529 52.2292 58.5834 45.5387 85.63 450.165 61.9741 54.6439 41.7975 46.8839 388.191 278.305 183.299 132.54 95.0061 66.0688 109.886 152.399 106.87 45.5295 215.434 41.8677 82.9712 62.5767 21.9087 53.8774 179.757 143.081 69.5596 91.5957
internal_count=10345 8865 6629 3787 1480 356 1124 488 343 636 2790 2123 975 2842 2236 997 580 417 1148 398 316 137 176 554 2666 278 667 257 287 223 421 2215 305 268 205 230 1910 1369 902 652 467 325 541 750 526 224 1062 206 406 306 107 264 886 705 342 451
is_linear=0
shrinkage=0.0012057


Tree=16
num_leaves=57
num_cat=0
split_feature=22 23 16 15 15 15 15 16 15 16 17 16 16 15 16 15 16 19 15 19 15 15 15 16 16 15 15 15 16 16 15 15 15 15 15 15 16 15 15 15 16 15 15 17 19 19 15 15 16 15 15 15 17 17 15 15
split_gain=196.954 110.662 36.006 28.5008 23.3015 21.0989 11.6733 9.85598 7.08891 6.19317 6.02232 5.63812 4.88712 6.32898 5.22159 4.66618 4.58302 4.4094 4.42852 3.85079 3.73772 3.55704 3.39486 2.70579 2.81144 2.65243 2.9445 2.63534 2.43912 2.19064 1.80038 1.7022 1.58311 1.47803 1.33133 1.25822 1.1806 1.12135 1.0116 0.871483 0.926968 0.79541 0.791429 0.788953 0.768961 0.735904 3.95494 0.699618 2.03126 0.691456 0.647721 0.631974 2.73818 0.879427 0.618798 0.526771
threshold=1.0000000180025095e-35 1.0000000180025095e-35 0.25881904510252057 0.25881904510252091 0.37940952255126054 0.25881904510252091 -0.5 0.91597561503675351 -0.78656609248549292 0.91597561503675351 1.0000000180025095e-35 1.0000000180025095e-35 0.37940952255126048 -0.98296291314453399 -0.98296291314453399 0.12940952255126045 -0.70710678118654757 1.0000000180025095e-35 -0.9159756150367534 1.0000000180025095e-35 -0.98296291314453399 0.91597561503675362 -1.0000000180025095e-35 0.60355339059327384 -0.9159756150367534 0.91597561503675362 0.60355339059327384 0.60355339059327384 0.60355339059327384 0.37940952255126048 0.60355339059327384 -0.70710678118654735 -1.0000000180025095e-35 0.78656609248549325 0.37940952255126054 0.78656609248549325 0.1294095225512602 -0.98296291314453399 0.12940952255126045 -0.5 -0.9159756150367534 -0.60355339059327362 0.91597561503675362 1.0000000180025095e-35 1.0000000180025095e-35 1.0000000180025095e-35 0.78656609248549325 0.91597561503675362 1.0000000180025095e-35 1.0000000180025095e-35 0.78656609248549325 -1.0000000180025095e-35 1.0000000180025095e-35 1.0000000180025095e-35 0.91597561503675362 -0.5
decision_type=2 2 2 2 2 2 2 2 2 2 2 2 2 2 2 2 2 2 2 2 2 2 2 2 2 2 2 2 2 2 2 2 2 2 2 2 2 2 2 2 2 2 2 2 2 2 2 2 2 2 2 2 2 2 2 2
left_child=1 2 5 8 9 6 17 10 37 12 42 21 13 -2 -15 19 34 18 20 51 -1 -6 23 24 -10 26 -7 -12 29 47 -30 -19 -21 -13 -5 -29 39 -3 -11 -16 -41 -14 -4 -20 -44 50 -47 -18 -49 -8 -28 52 -9 -53 -35 -26
right_child=4 3 7 16 11 25 49 15 22 38 27 33 41 14 36 -17 28 31 43 32 -22 -23 -24 -25 55 -27 45 35 30 -31 -32 -33 -34 54 -36 -37 -38 -39 -40 40 -42 -43 44 -45 -46 46 -48 48 -50 -51 -52 53 -54 -55 -56 -57
leaf_value=-0.00051935713991695435 0.0014656820998989505 0.00084785862642939767 8.7108065054972294e-05 0.00076443470827346736 0.0012184949073970259 -0.00027766294071690349 -0.00088863722745083959 0.00021527379993869535 -0.00039045443871150163 0.00036015826078152188 -0.00042140026271933771 0.0017949207716986462 0.0012598211168199406 0.001271148445346278 0.00062091942784367666 -0.00055624375999750698 0.001234944122399394 -0.00085085106606129436 -0.00064580243072541563 -0.0008911820593575328 -0.0001132608384925227 0.00047112459667981245 0.00030795893707424204 -0.00035233891535673101 0.00050232324806352387 -0.0003656460367668333 0.00012816734058799901 0.00032343551280973452 0.0010674821988032154 0.0016133168248584355 0.00042991818112845062 -0.00037016299290726649 -0.00027401194155900102 0.0011977440594623722 0.00021781612308091443 -0.0001532830558867555 9.2578674607049998e-05 0.00044821760966672308 -4.9386669651162807e-05 0.00049065217787792902 8.6867289936055152e-05 0.00089266260835023988 0.00016183163734114674 -0.00040217124547187009 0.00049939007357336555 -0.00069399059370432422 0.00026174270363582146 0.00057137327034661946 0.0011660139447014436 -0.00073323307437458312 -6.7431259514873348e-05 -0.00023072669013694073 -0.00045402091544331986 0.00013569029471074945 0.0015282035416612201 0.0001469199439723701
leaf_weight=49.7551549077034 11.84770345687866 12.843495726585386 303.45664756000042 13.27126270532608 37.693646475672722 127.81592465937138 124.97993116080761 36.189205765724182 11.184806019067763 25.907240405678749 50.622421100735664 26.263138741254807 24.9352707862854 12.229234606027601 36.545598238706582 63.159304574131966 25.145188555121422 47.890150398015976 72.204151183366776 12.186562061309814 97.53654608130455 12.271370738744734 39.915787622332573 38.02692137658596 13.229532286524771 122.58245579898357 49.22583095729351 12.007174924015997 12.678683623671532 13.501807644963263 13.082197487354279 13.793966203927992 11.983106270432472 12.095111861824988 12.652849018573761 24.411298409104347 12.862253591418265 49.712012588977814 13.252673387527464 25.47485534846782 12.234265774488462 13.075338006019591 37.862307712435722 26.382810935378075 13.241254776716231 12.190478920936584 13.013447463512421 12.264049142599104 26.172358080744743 62.403520986437798 49.219520002603531 39.015015959739685 11.777972757816313 12.596204236149786 25.826996266841888 11.190947145223619
leaf_count=245 58 63 1491 65 184 629 617 178 55 127 249 128 122 60 179 311 123 236 356 60 480 60 196 187 65 603 242 59 62 66 64 68 59 59 62 120 63 244 65 125 60 64 186 130 65 60 64 60 128 308 242 192 58 62 126 55
internal_value=8.55829e-06 -0.000142539 -0.00027734 0.000519588 0.000908795 -0.000436337 -0.00059966 -5.75054e-05 0.000204356 0.000648301 4.07218e-05 0.00133865 0.000760303 0.000632722 0.000533386 -0.000289584 0.000950698 -0.00045513 -0.000382822 -0.000153485 -0.00025044 0.00103494 2.48052e-05 -0.000128692 0.000110167 -0.000220227 -0.000149339 -0.000243456 0.0010649 0.00117224 0.000743707 -0.000743358 -0.000585195 0.00157507 0.000497645 3.89111e-06 0.000429821 0.000530269 0.000221558 0.000488237 0.000359649 0.00113352 0.000110484 -0.000580604 0.000249295 -1.66899e-05 -0.00020052 0.00107858 0.00097628 -0.000836884 3.03743e-05 -4.87001e-05 5.09336e-05 -0.000141299 0.0014228 0.000339456
internal_weight=2104.89 1802.37 1497.5 304.872 302.515 868.994 494.946 628.508 176.104 188.364 441.601 114.15 149.205 111.194 99.3462 186.907 128.768 307.563 245.879 123.748 147.292 49.965 113.548 73.6322 35.6053 374.048 251.465 87.0409 102.844 77.0834 25.7609 61.6841 24.1697 64.1852 25.9241 36.4185 87.117 62.5555 39.1599 74.2547 37.7091 38.0106 354.56 98.587 51.1036 123.649 25.2039 63.5816 38.4364 187.383 98.4454 99.5784 47.9672 51.6112 37.9221 24.4205
internal_count=10345 8865 7370 1495 1480 4280 2440 3090 865 923 2170 557 731 545 487 920 630 1515 1211 609 725 244 558 362 175 1840 1237 428 503 377 126 304 119 313 127 179 427 307 192 364 185 186 1742 486 251 608 124 311 188 925 484 490 236 254 185 120
is_linear=0
shrinkage=0.0012057


Tree=17
num_leaves=57
num_cat=0
split_feature=22 23 16 16 16 16 16 16 16 21 17 16 16 19 16 16 16 16 16 16 16 21 21 17 16 16 17 16 16 16 16 16 16 16 16 21 21 16 16 16 16 16 16 16 16 16 16 21 16 16 16 17 16 16 16 16
split_gain=196.415 110.391 35.9313 14.5659 14.09 11.1129 10.1717 13.5192 9.83353 9.03891 6.00805 4.90507 7.33454 4.29268 5.81957 3.7752 2.41886 2.25642 1.87237 5.44129 1.56627 5.85739 2.41989 1.42677 1.2153 2.38133 1.15498 1.03936 1.41449 1.02806 0.957168 1.67414 2.10045 2.0735 0.789369 4.05371 1.64921 0.776446 0.731306 0.725661 1.44208 0.70086 0.698222 1.18545 1.19579 0.615988 0.689623 0.582435 0.52643 0.466758 0.665054 0.405987 1.03351 0.405155 0.779567 0.663717
threshold=1.0000000180025095e-35 1.0000000180025095e-35 0.25881904510252057 0.91597561503675351 0.25881904510252057 -0.70710678118654757 0.60355339059327384 -0.70710678118654757 0.91597561503675351 1.0000000180025095e-35 1.0000000180025095e-35 0.1294095225512602 -0.12940952255126037 1.0000000180025095e-35 -0.60355339059327384 -0.5 -0.98296291314453399 0.98296291314453421 -0.5 -0.37940952255126015 -0.37940952255126015 1.0000000180025095e-35 1.0000000180025095e-35 1.0000000180025095e-35 1.0000000180025095e-35 -0.12940952255126037 1.0000000180025095e-35 -0.9159756150367534 -0.37940952255126015 -0.98296291314453399 -0.60355339059327384 -0.12940952255126037 -0.37940952255126015 -0.5 0.37940952255126048 1.0000000180025095e-35 1.0000000180025095e-35 0.78656609248549303 0.78656609248549303 0.1294095225512602 1.0000000180025095e-35 -0.78656609248549325 -0.70710678118654757 -0.60355339059327384 -0.5 0.91597561503675351 0.98296291314453421 1.0000000180025095e-35 0.98296291314453421 0.1294095225512602 -1.0000000180025095e-35 1.0000000180025095e-35 0.1294095225512602 0.78656609248549303 0.60355339059327384 0.37940952255126048
decision_type=2 2 2 2 2 2 2 2 2 2 2 2 2 2 2 2 2 2 2 2 2 2 2 2 2 2 2 2 2 2 2 2 2 2 2 2 2 2 2 2 2 2 2 2 2 2 2 2 2 2 2 2 2 2 2 2
left_child=1 2 5 4 11 29 7 41 10 17 34 12 16 14 -7 47 -2 -10 -15 -20 21 26 24 -19 25 -22 -17 -18 42 -1 -9 32 33 -32 35 -4 37 -36 -8 40 -24 -3 -29 -44 -45 -40 -47 -16 -11 50 -21 -26 -53 54 55 -6
right_child=3 6 8 -5 53 13 38 30 9 48 -12 -13 -14 18 15 20 27 23 19 49 22 -23 39 -25 51 -27 -28 28 -30 -31 31 -33 -34 -35 36 -37 -38 -39 45 -41 -42 -43 43 44 -46 46 -48 -49 -50 -51 -52 52 -54 -55 -56 -57
leaf_value=-0.00073258306442862159 0.0012689224477220743 0.0001960066522720961 0.00044324608152656345 0.00022127003510435421 0.0015608573735771561 0.00012800572336832481 9.1218306881323057e-06 0.0012078578353330804 -0.00052916693444775655 0.00034013947406600828 -0.00024318770121035843 9.2463369870835727e-05 0.001475597323907279 -0.00083301809196342455 -0.00054610890378449962 0.00032238828827002222 0.00048995723386300618 -0.00033211615274410505 0.00026139753884004828 -0.00062548747100582319 -0.00032716068942859354 -0.00079238106045321848 -5.3364882267442683e-05 0.00013551870525804258 -0.00031770388195225576 -0.00070289159757173177 -0.00012876239717956667 0.0007241572487815235 0.0005092572559594053 -0.00056321372846139311 0.00055913541356796611 0.00096230836279916348 0.00042811797650107536 0.0012557917961162879 -1.3834870505959371e-05 -0.00034451724170730941 0.00024113293803072362 0.0001357126901896957 0.00039615712720609381 0.00016146046739324655 -0.00053761345575212369 0.00050160890925577003 0.0012451804045618842 0.00053729610758289175 0.0010631233277035622 3.9602703127073619e-05 0.00038150596037453047 -0.00084396037049805123 3.7974677953824094e-05 -0.00080620569252423712 -0.00030035489022336249 -0.00036504194696545275 0.00012758450752270044 0.0012732074742744092 0.0016188192340651638 0.0012282014368811243
leaf_weight=62.383596241474152 12.235913097858427 62.139195144176483 38.504530102014542 39.163634434342384 13.335469424724577 49.228554129600525 26.301877692341805 12.064746320247648 98.278336942195892 25.015832588076591 87.031733587384224 12.862763389945028 24.363395825028419 24.149751633405685 36.110117256641388 24.626504302024841 25.480227470397949 38.38772177696228 13.014918819069861 36.528068989515297 72.927720129489899 12.18735797703266 39.212166100740433 12.596943929791449 46.770692944526672 36.943091228604317 12.404224604368208 35.965888962149613 24.122713580727577 316.00326384603977 11.814984619617462 78.221919789910316 24.496370539069176 13.093694463372231 152.23610208928585 12.604517936706541 75.732356011867523 75.499585703015327 24.883179947733879 12.41002397239208 11.579950347542761 13.232396975159643 13.538090944290152 12.457352623343462 12.692980855703373 25.860002025961876 12.831224352121351 12.97257739305496 12.605083435773848 12.385699927806852 12.200268670916563 12.803958356380463 11.986695602536201 26.834281444549561 24.392029315233231 25.187042966485023
leaf_count=308 60 305 189 192 65 242 129 59 484 123 428 63 119 119 178 121 125 189 64 180 359 60 193 62 230 182 61 176 118 1558 58 383 120 64 748 62 372 371 122 61 57 65 66 61 62 127 63 64 62 61 60 63 59 131 119 123
internal_value=8.54785e-06 -0.000142377 -0.000277039 0.000907347 0.00100933 -0.000435894 0.000518846 0.0006612 -5.74375e-05 -0.000289271 4.0672e-05 0.00080892 0.000866211 -0.000316121 -0.000259652 -0.000315301 0.000757438 -0.000422393 -0.000541448 -0.00044646 -0.000263599 -6.73519e-05 -0.000303082 -0.000216576 -0.000373859 -0.000453497 0.000171266 0.000707071 0.000763077 -0.000591137 0.000883249 0.000852563 0.000678806 0.000925345 0.000110346 0.000248968 8.69998e-05 3.57436e-05 0.00017821 -9.99074e-05 -0.000163767 0.000249659 0.000845093 0.000957518 0.000802673 0.000248165 0.000152989 -0.000624831 0.000238898 -0.000597206 -0.000544083 -0.000251587 -0.000126849 0.00139725 0.00145015 0.00134336
internal_weight=2104.89 1802.26 1497.32 302.632 263.468 868.829 304.94 215.063 628.493 186.884 441.609 173.719 160.857 490.442 392.164 342.935 136.493 149.263 98.2787 74.129 293.852 49.2181 244.634 50.9847 181.432 109.871 37.0307 124.257 98.777 378.387 139.692 127.627 49.405 24.9087 354.577 51.109 303.468 227.736 89.8763 63.2021 50.7921 75.3716 74.6543 38.6884 25.1503 63.5744 38.6912 49.0827 37.6209 61.114 48.7283 71.5613 24.7907 89.7488 62.9145 38.5225
internal_count=10345 8865 7370 1480 1288 4280 1495 1054 3090 920 2170 850 787 2414 1930 1688 668 735 484 365 1446 242 1204 251 893 541 182 608 483 1866 684 625 242 122 1742 251 1491 1119 441 311 250 370 365 189 123 312 190 242 185 301 240 352 122 438 307 188
is_linear=0
shrinkage=0.0012057


Tree=18
num_leaves=57
num_cat=0
split_feature=22 23 8 8 15 15 15 8 8 8 8 8 15 8 15 8 8 8 8 8 8 8 8 15 8 8 15 8 8 8 8 8 15 8 8 8 8 8 15 18 15 8 8 21 8 15 8 8 8 8 8 15 8 8 8 15
split_gain=195.877 110.12 28.5605 36.7893 28.379 23.157 19.7241 10.744 23.6119 37.6074 14.5128 10.6713 10.3762 10.3456 9.67387 9.04525 14.4719 8.18367 15.236 7.88958 16.4867 11.0672 9.96514 7.80211 7.58829 7.31546 6.92816 6.80134 6.62977 15.9062 6.28811 6.14049 5.9664 5.50124 5.25555 5.14717 4.99175 5.72172 4.59606 4.17584 4.5803 9.05969 4.07515 6.39912 4.68698 4.05083 5.98005 3.70394 3.33876 3.07663 5.17708 5.72271 3.52468 3.2714 3.02646 8.92811
threshold=1.0000000180025095e-35 1.0000000180025095e-35 -1.9791666666666663 72.479166666666671 0.25881904510252091 0.37940952255126054 0.25881904510252091 -90.104166666666643 76.395833333333357 27.437500000000004 -62.687499999999993 -188.68749999999997 0.60355339059327384 19.604166666666668 0.98296291314453421 7.854166666666667 76.395833333333357 72.479166666666671 21.562500000000004 197.39583333333334 1.9791666666666667 245.31250000000003 -174.68749999999997 -0.60355339059327362 154.72916666666671 109.68750000000001 -0.5 -200.68749999999997 148.85416666666671 78.354166666666671 -154.72916666666666 133.18750000000003 -0.5 -174.68749999999997 52.895833333333336 33.312500000000007 -186.68749999999997 -158.68749999999997 -0.78656609248549292 1.0000000180025095e-35 0.25881904510252091 -94.020833333333329 199.31250000000003 1.0000000180025095e-35 154.72916666666671 -0.60355339059327362 -103.81249999999999 43.104166666666679 -182.68749999999997 -50.937499999999993 -76.395833333333329 -0.98296291314453399 -70.520833333333329 -43.104166666666664 197.39583333333334 -0.70710678118654735
decision_type=2 2 2 2 2 2 2 2 2 2 2 2 2 2 2 2 2 2 2 2 2 2 2 2 2 2 2 2 2 2 2 2 2 2 2 2 2 2 2 2 2 2 2 2 2 2 2 2 2 2 2 2 2 2 2 2
left_child=1 2 27 12 17 7 26 11 9 10 -9 -2 13 32 34 30 -17 18 36 20 22 -21 -6 -13 -18 -8 38 -1 29 47 -7 -10 -4 48 35 -14 -3 -38 42 49 41 -41 44 -44 -5 46 -39 -22 -29 50 51 -35 -52 -51 55 -33
right_child=5 4 3 6 19 15 25 8 31 -11 -12 23 14 -15 -16 16 24 -19 -20 21 28 -23 -24 -25 -26 -27 -28 33 -30 -31 -32 54 -34 39 -36 -37 37 45 -40 40 -42 -43 43 -45 -46 -47 -48 -49 -50 53 52 -53 -54 -55 -56 -57
leaf_value=2.8896607520247405e-06 0.0013312659990307716 0.0010647462119031752 0.00013119337314915642 -0.00049865989607125911 0.0017874768096154767 0.0016799938653478349 -0.00046847379682428246 0.0020554495603688238 -0.00016215174566261179 0.0027922652821713119 0.00037900363468070794 0.00048152584747306699 0.00078019003537035969 0.00031577197510839503 -0.00047559542051010009 0.002629417733368227 0.00066518630487271638 -9.5213718356582889e-05 0.0014132388497751353 -0.00044362705199967013 0.0015621920164230034 0.001317096314232321 0.00040259875501654077 -0.00063681856603754869 0.0016543397984669992 6.2126271410108615e-05 -0.00065218422713444828 -0.00062367131942365919 0.0023340488276629929 0.00048401224223854034 0.0006892876972421192 0.0018436829967836046 -0.00074721372784960517 0.00051076642828122283 0.00025618159389004784 0.0016641650427038713 -0.00073695318732503476 0.0013355866273607804 -8.9486914471875913e-05 -0.0014098814098072129 -0.00037528657758616538 -0.00047123199129436513 -0.00095250956058066266 5.9625368483976214e-05 0.00011726287046797194 -7.4960225780922239e-05 0.00019727553602690083 0.0025689252936651496 -0.001139930955913972 -0.0010124591419440635 0.00054112440193954906 -0.00045198191207057668 -0.00017200766437935205 -0.00047485537894637042 0.00035285284875380147 0.00033369772294767095
leaf_weight=41.46651029586792 8.782708212733267 8.7644988149404508 19.927501067519188 51.964033260941505 9.0099364668130857 12.509203195571898 45.688411742448807 9.6459769606590253 22.175870314240456 18.783115312457085 33.848051592707634 16.118649244308468 27.353026434779167 112.64070010185242 8.9643825143575651 15.874975249171255 17.396688431501389 75.872808247804642 18.637320458889008 12.623071730136873 11.481362894177439 8.8127250373363477 46.72189362347126 20.733616605401043 32.036981299519539 218.04012158513069 158.30149732530117 57.00130133330822 12.558956086635588 17.760657325387001 36.455193057656288 9.2094411998987216 25.78691965341568 9.3441073894500715 14.889023587107657 14.733453989028929 10.175635397434233 9.5761939734220487 79.443275779485703 26.752407819032669 44.271761938929558 33.87710377573967 39.737996891140938 11.770498514175413 27.447258308529854 30.715996041893963 22.408132091164589 9.8881326317787153 26.759965449571609 19.860729202628136 13.00789028406143 227.47583873569965 44.690357759594917 95.945642873644829 34.272786423563957 14.905410185456274
leaf_count=204 43 43 98 256 44 61 225 47 109 91 166 79 134 553 44 77 85 373 91 62 56 43 229 102 156 1071 781 281 61 87 178 45 127 46 73 72 50 47 391 132 218 167 196 58 135 151 110 48 132 98 64 1121 220 473 168 73
internal_value=8.53744e-06 -0.000142214 -0.000276738 -0.000132751 0.000518105 0.000905903 -0.000281552 0.000646256 0.000808967 0.00136652 0.000750801 0.000136959 0.000286788 0.000119445 0.000688663 0.00133415 0.00162787 0.000203552 0.000429606 0.000948108 0.00108138 0.000280245 0.000626486 -0.000147671 0.00130624 -2.9795e-05 -0.000461649 -0.000469339 0.00157185 0.00132722 0.000942389 0.00037797 -0.000364305 -0.000502031 0.000871844 0.00108965 0.000205057 0.000101665 -0.000318269 -0.000455442 -0.000670119 -0.000885405 -0.000457095 -0.000721221 -0.000285776 0.000237765 0.000538089 0.00202803 -0.000788605 -0.000400558 -0.000335091 -0.000413995 -1.12343e-05 -0.000567054 0.00058311 0.00091036
internal_weight=2104.9 1802.15 1497.14 856.688 305.007 302.749 632.393 188.476 142.841 62.2771 43.494 45.635 224.295 158.355 65.9399 114.273 65.3086 176.151 100.278 128.857 107.421 21.4358 55.7318 36.8523 49.4337 263.729 368.665 640.454 51.6891 39.1302 48.9644 80.5635 45.7144 598.987 56.9755 42.0865 81.6405 72.876 210.363 515.226 104.901 60.6295 130.92 51.5085 79.4113 62.7003 31.9843 21.3695 83.7613 410.325 294.518 236.82 57.6982 115.806 58.3876 24.1149
internal_count=10345 8865 7370 4214 1495 1480 3113 923 699 304 213 224 1101 778 323 557 318 865 492 630 525 105 273 181 241 1296 1817 3156 252 191 239 395 225 2952 279 206 401 358 1036 2539 517 299 645 254 391 308 157 104 413 2022 1451 1167 284 571 286 118
is_linear=0
shrinkage=0.0012057


Tree=19
num_leaves=57
num_cat=0
split_feature=23 8 8 16 16 8 8 8 8 8 8 8 8 8 16 8 16 8 16 16 8 18 17 8 19 20 17 8 8 8 19 16 16 20 16 8 8 8 17 8 18 16 8 18 8 20 8 16 8 16 16 8 16 16 8 8
split_gain=63.5462 41.2528 80.6722 27.4972 21.0528 14.8883 12.9817 15.371 12.6161 14.0082 13.2685 21.7011 21.5057 15.2082 11.9884 9.48885 11.9343 11.7813 11.2364 9.1782 8.09463 7.46075 7.45176 7.23847 7.0068 8.84042 7.92546 6.91104 6.86699 7.11353 6.81993 6.25873 11.5645 7.13652 5.8652 5.63681 6.21879 6.1389 5.46346 5.01451 4.88916 4.61792 4.48841 4.41275 4.29276 4.16118 4.01445 3.94023 3.68116 3.57976 3.52064 3.51464 3.49425 3.49315 3.4533 4.14113
threshold=1.0000000180025095e-35 5.8958333333333348 72.479166666666671 -0.70710678118654757 1.0000000180025095e-35 -200.68749999999997 148.85416666666671 197.39583333333334 191.64583333333334 252.97916666666671 1.9791666666666667 72.479166666666671 162.56250000000003 -186.68749999999997 -0.70710678118654757 19.604166666666668 0.25881904510252057 52.895833333333336 0.91597561503675351 0.78656609248549303 113.60416666666667 1.0000000180025095e-35 1.0000000180025095e-35 21.562500000000004 1.0000000180025095e-35 1.0000000180025095e-35 1.0000000180025095e-35 43.104166666666679 -196.68749999999997 -125.35416666666664 1.0000000180025095e-35 0.91597561503675351 0.1294095225512602 1.0000000180025095e-35 -0.12940952255126037 -48.979166666666664 -33.312499999999993 -90.104166666666643 1.0000000180025095e-35 -117.52083333333333 1.0000000180025095e-35 0.60355339059327384 -39.187499999999993 1.0000000180025095e-35 133.18750000000003 1.0000000180025095e-35 11.770833333333334 0.25881904510252057 218.47916666666671 -0.9159756150367534 1.0000000180025095e-35 41.145833333333336 -0.37940952255126015 0.60355339059327384 80.312500000000014 103.81250000000001
decision_type=2 2 2 2 2 2 2 2 2 2 2 2 2 2 2 2 2 2 2 2 2 2 2 2 2 2 2 2 2 2 2 2 2 2 2 2 2 2 2 2 2 2 2 2 2 2 2 2 2 2 2 2 2 2 2 2
left_child=1 4 3 23 21 -6 54 31 10 53 13 14 20 -2 -12 19 34 38 -19 46 -13 24 30 -3 25 26 28 -16 -1 49 40 32 33 -8 -17 37 -37 -31 51 -28 45 42 52 -7 -22 -9 -5 -42 -24 -30 -50 -18 -15 -10 -4 -56
right_child=8 2 6 15 5 43 7 22 9 -11 11 12 -14 41 27 16 17 18 -20 -21 44 -23 48 -25 -26 -27 39 -29 29 35 -32 -33 -34 -35 -36 36 -38 -39 -40 -41 47 -43 -44 -45 -46 -47 -48 -49 50 -51 -52 -53 -54 -55 55 -57
leaf_value=0.0010053264411791045 0.0014985223352394479 -0.00073205494554754618 -0.00072192913861619866 0.0013844408569833031 0.00079813363230753979 -9.1191396970256717e-05 0.00026574549116606307 0.00026992961067242655 -0.00019391416958655723 0.00088072307948832502 0.00048364496627028718 -0.00043712796073438006 0.0015416069705822219 0.00024111260111840265 0.0014267342566824561 0.00094184330570319566 0.0016507440826262286 0.0012562785681573079 -0.00030630478254275653 -0.00052190127274717528 0.0010389820635089543 -0.00085328561238270343 -0.0011248911288335747 0.00022696019573973427 -0.00075640604547502982 -0.00070562247135932748 -0.00088660415756310811 0.002487104608277362 -0.0010540347198282392 -6.5269113834694046e-05 -0.00045746266080652691 -0.00030997155071869626 0.00079720306645044293 -0.00061930336953781645 0.00017362859124388219 -0.00095400736262278856 0.00015285187638632128 0.00084822083108594898 0.00084044301077341457 -0.00022690051933396446 -0.00061032618925077478 -0.00016039578207089621 -0.00022800921972427081 -0.00043874321337260399 0.00011211294235664304 -0.00015096812971849768 0.00040613208929902056 8.4749693522386137e-05 -0.00073148768130741984 -0.00026947276940041717 -6.2783074251815071e-06 0.0023853654796539606 0.00079907130036227904 -0.0010111784739572579 -5.4007481429843297e-05 -0.00038329044935092154
leaf_weight=8.9608585536479932 15.126323252916334 15.226941794157026 27.61640802025795 9.8065939098596591 25.706746608018875 312.59371380507946 80.365425154566765 105.99092778563499 25.864169180393219 17.360700070858002 11.650067850947378 23.195615261793137 20.882440358400345 34.417364791035652 20.487160086631775 39.858792409300804 28.487464338541031 22.092836722731594 9.595448970794676 11.400460153818129 12.832187727093698 65.63937683403492 12.989055186510084 46.019780829548836 66.622379139065742 64.283640995621681 30.392766147851944 15.846536502242087 11.551851555705069 20.119097083806988 52.176160395145416 21.948248475790024 59.18678329885006 15.85772432386875 22.661841213703156 11.579105585813524 20.343126356601715 22.830123201012615 8.5797268450260145 37.313871473073959 26.999092295765877 33.999265477061272 14.879276439547537 63.975366175174713 16.740481153130531 50.375104010105133 16.121480226516724 21.138211712241173 20.297051846981049 31.529070034623146 18.694285780191422 14.179978117346762 31.024649485945702 10.768005311489103 83.664486974477768 165.05417217314243
leaf_count=44 74 75 136 48 126 1537 395 520 127 85 57 114 102 169 100 195 139 108 47 56 63 324 64 226 329 317 150 77 57 99 257 108 290 78 111 57 100 112 42 184 133 167 73 315 82 248 79 104 100 155 92 69 152 53 412 812
internal_value=8.52698e-06 -7.77224e-05 8.43563e-05 0.000687714 -0.0002833 -8.9633e-05 -0.00010878 9.85661e-06 0.000517367 -1.13688e-05 0.000631067 0.000916998 0.000505933 0.000362392 0.00154794 0.000921992 0.00106116 0.00136101 0.000783117 0.000379714 9.60764e-05 -0.000482467 -0.00015268 -1.14667e-05 -0.000407695 -0.000317963 -0.000189918 0.0018892 -1.22046e-05 -8.95066e-05 -6.83747e-05 0.000292722 0.000377839 0.000119888 0.000663389 0.000135095 -0.000248638 0.000420306 0.00171835 -0.000523034 3.08956e-05 0.000212065 0.000369725 -0.000150237 0.0005143 0.000134333 0.000776151 -0.000305102 -0.000568978 -0.000479848 -0.000383788 0.00189489 0.000505629 -0.000434149 -0.000317438 -0.000272526
internal_weight=2104.9 1799.83 1006.38 244.031 793.441 402.276 762.353 486.018 305.074 53.9929 251.081 121.634 73.6507 129.447 47.9838 182.785 145.456 82.9355 31.6883 37.3285 52.7683 391.165 308.66 61.2467 325.526 258.904 194.62 36.3337 126.913 117.952 256.679 177.358 155.41 96.2231 62.5206 74.8715 31.9222 42.9492 51.2472 67.7066 204.503 114.321 80.3213 376.569 29.5727 156.366 25.9281 48.1373 51.9804 43.0809 38.9913 42.6674 65.442 36.6322 276.335 248.719
internal_count=10345 8850 4944 1195 3906 1978 3749 2389 1495 265 1230 595 361 635 234 894 711 405 155 183 259 1928 1518 301 1604 1275 958 177 624 580 1262 871 763 473 306 368 157 211 250 334 1005 561 394 1852 145 768 127 237 256 212 192 208 321 180 1360 1224
is_linear=0
shrinkage=0.0012057


end of trees

feature_importances:
days_since_halving=505
hour_sin=251
hour_cos=194
dow_0=40
dow_4=32
dow_2=30
dow_1=25
dow_6=16
dow_3=14
dow_5=13

parameters:
[boosting: gbdt]
[objective: binary]
[metric: auc]
[tree_learner: serial]
[device_type: cpu]
[data_sample_strategy: bagging]
[data: ]
[valid: ]
[num_iterations: 200]
[learning_rate: 0.0012057]
[num_leaves: 57]
[num_threads: 0]
[seed: 42]
[deterministic: 0]
[force_col_wise: 0]
[force_row_wise: 0]
[histogram_pool_size: -1]
[max_depth: -1]
[min_data_in_leaf: 42]
[min_sum_hessian_in_leaf: 0.001]
[bagging_fraction: 0.863978]
[pos_bagging_fraction: 1]
[neg_bagging_fraction: 1]
[bagging_freq: 5]
[bagging_seed: 400]
[bagging_by_query: 0]
[feature_fraction: 0.704438]
[feature_fraction_bynode: 1]
[feature_fraction_seed: 30056]
[extra_trees: 0]
[extra_seed: 12879]
[early_stopping_round: 0]
[early_stopping_min_delta: 0]
[first_metric_only: 0]
[max_delta_step: 0]
[lambda_l1: 0]
[lambda_l2: 0]
[linear_lambda: 0]
[min_gain_to_split: 0]
[drop_rate: 0.1]
[max_drop: 50]
[skip_drop: 0.5]
[xgboost_dart_mode: 0]
[uniform_drop: 0]
[drop_seed: 17869]
[top_rate: 0.2]
[other_rate: 0.1]
[min_data_per_group: 100]
[max_cat_threshold: 32]
[cat_l2: 10]
[cat_smooth: 10]
[max_cat_to_onehot: 4]
[top_k: 20]
[monotone_constraints: ]
[monotone_constraints_method: basic]
[monotone_penalty: 0]
[feature_contri: ]
[forcedsplits_filename: ]
[refit_decay_rate: 0.9]
[cegb_tradeoff: 1]
[cegb_penalty_split: 0]
[cegb_penalty_feature_lazy: ]
[cegb_penalty_feature_coupled: ]
[path_smooth: 0]
[interaction_constraints: ]
[verbosity: -1]
[saved_feature_importance_type: 0]
[use_quantized_grad: 0]
[num_grad_quant_bins: 4]
[quant_train_renew_leaf: 0]
[stochastic_rounding: 1]
[linear_tree: 0]
[max_bin: 255]
[max_bin_by_feature: ]
[min_data_in_bin: 3]
[bin_construct_sample_cnt: 200000]
[data_random_seed: 175]
[is_enable_sparse: 1]
[enable_bundle: 1]
[use_missing: 1]
[zero_as_missing: 0]
[feature_pre_filter: 0]
[pre_partition: 0]
[two_round: 0]
[header: 0]
[label_column: ]
[weight_column: ]
[group_column: ]
[ignore_column: ]
[categorical_feature: ]
[forcedbins_filename: ]
[precise_float_parser: 0]
[parser_config_file: ]
[objective_seed: 16083]
[num_class: 1]
[is_unbalance: 0]
[scale_pos_weight: 1]
[sigmoid: 1]
[boost_from_average: 1]
[reg_sqrt: 0]
[alpha: 0.9]
[fair_c: 1]
[poisson_max_delta_step: 0.7]
[tweedie_variance_power: 1.5]
[lambdarank_truncation_level: 30]
[lambdarank_norm: 1]
[label_gain: ]
[lambdarank_position_bias_regularization: 0]
[eval_at: ]
[multi_error_top_k: 1]
[auc_mu_weights: ]
[num_machines: 1]
[local_listen_port: 12400]
[time_out: 120]
[machine_list_filename: ]
[machines: ]
[gpu_platform_id: -1]
[gpu_device_id: -1]
[gpu_use_dp: 0]
[num_gpu: 1]

end of parameters

pandas_categorical:[]
