{
  "equity_mult": 0.9236972264372569,
  "max_drawdown": 0.21020520159144562,
  "trades": 496,
  "sharpe_proxy_mean": -3.2429543716053657,
  "folds": 14,
  "completion_time": "2026-02-14T06:51:10.334316+00:00",
  "status": "completed"
}