{
  "equity_mult": 3233.7382872396774,
  "CAGR": 4.044369078863396,
  "sharpe_proxy": 2.0626033487998114,
  "max_drawdown": 9992.232507284301,
  "trades": 930,
  "min_equity": 0.9999569991669667,
  "per_symbol": {
    "BTC/USDT": {
      "pnl_eur": 386294.31886921456,
      "max_dd_indexed": 0.33982143029861395
    },
    "DOGE/USDT": {
      "pnl_eur": 2075159.91970751,
      "max_dd_indexed": 0.31538975111291967
    },
    "ETH/USDT": {
      "pnl_eur": 771303.0351836866,
      "max_dd_indexed": 0.20832983609549036
    }
  },
  "min_equity_ts": "2020-09-02T08:00:00",
  "best_params": {
    "BTC/USDT": {
      "tenkan": 45,
      "kijun": 52,
      "senkou_b": 240,
      "shift": 18,
      "atr_mult": 4.5
    },
    "ETH/USDT": {
      "tenkan": 60,
      "kijun": 66,
      "senkou_b": 82,
      "shift": 29,
      "atr_mult": 1.5
    },
    "DOGE/USDT": {
      "tenkan": 55,
      "kijun": 109,
      "senkou_b": 122,
      "shift": 17,
      "atr_mult": 5.0
    }
  }
}