{
  "equity_mult": 215.7904001086487,
  "CAGR": 1.9334740744435739,
  "sharpe_proxy": 2.1761444427713106,
  "max_drawdown": 21026.247347746357,
  "trades": 1078,
  "min_equity": 0.9745789859953204,
  "per_symbol": {
    "BTC/USDT": {
      "pnl_eur": 22451.271825844575,
      "max_dd_indexed": 0.35496793043132774
    },
    "DOGE/USDT": {
      "pnl_eur": 141033.138729478,
      "max_dd_indexed": 0.29719075245090715
    },
    "ETH/USDT": {
      "pnl_eur": 51322.96172643585,
      "max_dd_indexed": 0.21487011316914978
    }
  },
  "min_equity_ts": "2020-09-02T08:00:00",
  "best_params": {
    "BTC/USDT": {
      "tenkan": 45,
      "kijun": 52,
      "senkou_b": 240,
      "shift": 18,
      "atr_mult": 4.5
    },
    "ETH/USDT": {
      "tenkan": 60,
      "kijun": 66,
      "senkou_b": 83,
      "shift": 28,
      "atr_mult": 1.5
    }
  }
}