{
  "equity_mult": 595.8513223118665,
  "CAGR": 2.5951104482239815,
  "sharpe_proxy": 2.2613459985912248,
  "max_drawdown": 69228.42969013487,
  "trades": 904,
  "min_equity": 0.9999569991669667,
  "per_symbol": {
    "BTC/USDT": {
      "pnl_eur": 180509.3185865151,
      "max_dd_indexed": 0.3585623502860024
    },
    "DOGE/USDT": {
      "pnl_eur": 236520.09107071641,
      "max_dd_indexed": 0.46419487081188826
    },
    "ETH/USDT": {
      "pnl_eur": 177838.2647481802,
      "max_dd_indexed": 0.22692788605552625
    }
  },
  "min_equity_ts": "2020-09-02T08:00:00",
  "best_params": {
    "BTC/USDT": {
      "tenkan": 45,
      "kijun": 52,
      "senkou_b": 240,
      "shift": 18,
      "atr_mult": 4.5
    },
    "ETH/USDT": {
      "tenkan": 60,
      "kijun": 66,
      "senkou_b": 82,
      "shift": 29,
      "atr_mult": 1.5
    },
    "DOGE/USDT": {
      "tenkan": 12,
      "kijun": 34,
      "senkou_b": 67,
      "shift": 58,
      "atr_mult": 3.2
    }
  }
}