{
  "equity_mult": 201.06830430276977,
  "CAGR": 1.8922576748518494,
  "sharpe_proxy": 2.1483722802063348,
  "max_drawdown": 5.317870666489114e-05,
  "trades": 1090,
  "min_equity": 0.9745789859953204,
  "per_symbol": {
    "BTC/USDT": {
      "pnl_eur": 22620.833460852962,
      "max_dd_indexed": 0.35518023325316916
    },
    "DOGE/USDT": {
      "pnl_eur": 137986.08977564963,
      "max_dd_indexed": 0.29703915200176073
    },
    "ETH/USDT": {
      "pnl_eur": 39478.441556161924,
      "max_dd_indexed": 0.24091630585716753
    }
  },
  "min_equity_ts": "2020-09-02T08:00:00",
  "best_params": {
    "BTC/USDT": {
      "tenkan": 45,
      "kijun": 52,
      "senkou_b": 240,
      "shift": 18,
      "atr_mult": 4.5
    },
    "ETH/USDT": {
      "tenkan": 60,
      "kijun": 66,
      "senkou_b": 86,
      "shift": 29,
      "atr_mult": 1.5
    }
  }
}