{
  "equity_mult": 742.0499417156163,
  "CAGR": 2.7565986070428785,
  "sharpe_proxy": 2.2748259156862765,
  "max_drawdown": 179721.77966266227,
  "trades": 1316,
  "min_equity": 0.7327495216431996,
  "per_symbol": {
    "BTC/USDT": {
      "pnl_eur": 45583.8299145607,
      "max_dd_indexed": 0.3527992984999507
    },
    "DOGE/USDT": {
      "pnl_eur": 649144.92863586,
      "max_dd_indexed": 0.3021115199677106
    },
    "ETH/USDT": {
      "pnl_eur": 46341.93235614418,
      "max_dd_indexed": 0.5566248508942105
    }
  },
  "min_equity_ts": "2020-11-26T00:00:00",
  "best_params": {
    "BTC/USDT": {
      "tenkan": 52,
      "kijun": 57,
      "senkou_b": 210,
      "shift": 17,
      "atr_mult": 3.3000000000000003
    }
  }
}