{
  "equity_mult": 282.62980805197907,
  "CAGR": 2.0963377952176914,
  "sharpe_proxy": 2.311267106637159,
  "max_drawdown": 214.0042353687176,
  "trades": 955,
  "min_equity": 0.9999569991669667,
  "per_symbol": {
    "BTC/USDT": {
      "pnl_eur": 60270.06302901369,
      "max_dd_indexed": 0.3484318895418228
    },
    "DOGE/USDT": {
      "pnl_eur": 147525.92086349337,
      "max_dd_indexed": 0.32910461595908147
    },
    "ETH/USDT": {
      "pnl_eur": 73850.66515968222,
      "max_dd_indexed": 0.23043481069407196
    }
  },
  "min_equity_ts": "2020-09-02T08:00:00",
  "best_params": {
    "BTC/USDT": {
      "tenkan": 45,
      "kijun": 52,
      "senkou_b": 240,
      "shift": 18,
      "atr_mult": 4.5
    },
    "ETH/USDT": {
      "tenkan": 60,
      "kijun": 66,
      "senkou_b": 82,
      "shift": 29,
      "atr_mult": 1.5
    },
    "DOGE/USDT": {
      "tenkan": 22,
      "kijun": 36,
      "senkou_b": 91,
      "shift": 28,
      "atr_mult": 3.0
    }
  }
}