{
  "BTC/USDT": {
    "tenkan": 23,
    "kijun": 91,
    "senkou_b": 110,
    "shift": 60,
    "atr_mult": 3.9000000000000004
  },
  "ETH/USDT": {
    "tenkan": 39,
    "kijun": 64,
    "senkou_b": 69,
    "shift": 30,
    "atr_mult": 3.4000000000000004
  }
}