{
  "BTC/USDT": {
    "params": {
      "tenkan": 38,
      "kijun": 86,
      "senkou_b": 220,
      "shift": 22,
      "atr_mult": 5.200000000000001
    },
    "pnl_eur": 9439.280514747592,
    "equity_eur": 58395.90887017129,
    "dd_pct": 26.09000802219333,
    "trades": 1171,
    "file": "shared_portfolio_pipeline_web6_20250818_151637.json",
    "ts": "20250818_151637"
  },
  "ETH/USDT": {
    "params": {
      "tenkan": 9,
      "kijun": 72,
      "senkou_b": 197,
      "shift": 11,
      "atr_mult": 5.300000000000001
    },
    "pnl_eur": 25610.04682091656,
    "equity_eur": 59102.725416052184,
    "dd_pct": 134.08259123559566,
    "trades": 1023,
    "file": "shared_portfolio_pipeline_web6_20250820_045852.json",
    "ts": "20250820_045852"
  },
  "DOGE/USDT": {
    "params": {
      "tenkan": 35,
      "kijun": 95,
      "senkou_b": 60,
      "shift": 41,
      "atr_mult": 3.1
    },
    "pnl_eur": 26239.353356740445,
    "equity_eur": 59102.725416052184,
    "dd_pct": 134.08259123559566,
    "trades": 1023,
    "file": "shared_portfolio_pipeline_web6_20250820_045852.json",
    "ts": "20250820_045852"
  }
}