{
  "BTC/USDT": {
    "params": {
      "tenkan": 34,
      "kijun": 42,
      "senkou_b": 116,
      "shift": 18,
      "atr_mult": 2.1
    },
    "pnl_eur": 3064.6915002856067,
    "equity_eur": 17422.417287365355,
    "dd_pct": 27.65912507087423,
    "trades": 1974,
    "file": "shared_portfolio_pipeline_web6_20250907_064225.json",
    "ts": "20250907_064225"
  }
}