{
  "BTC/USDT": {
    "params": {
      "tenkan": 44,
      "kijun": 66,
      "senkou_b": 207,
      "shift": 29,
      "atr_mult": 5.300000000000001
    },
    "pnl_eur": 993.6780833953094,
    "equity_eur": 1988.9016212644874,
    "dd_pct": 4.6200455930534865,
    "trades": 108,
    "file": "shared_portfolio_pipeline_web6_20250905_225829.json",
    "ts": "20250905_225829"
  }
}